label_id,source_id,file_id,native_code,native_row_count,native_extraction_ids,native_locators,native_folders,native_definition_status,native_definition,analyst_normalized_path,lexical_review_group,lexical_group_status,analyst_topic,disposition,rationale,candidate_semantic_ids,candidate_terms,candidate_rationale,mapping_strength,mapping_confidence,asserted_equivalence,source_role,next_gate
DS003-LABEL-001,SRC-DS-003,55440170,Antibiotic prescribing drives and is impacted by shortages,1,DS003-CODE-053,Codebook!A54:F54,Codes\\SA,NO_NATIVE_DEFINITION,,antibiotic prescribing drives and is impacted by shortages,DS003-LEX-003,ORTHOGRAPHIC_REVIEW_ONLY_NO_SEMANTIC_MERGE,Prescribing and diagnostics,PROFILE_CONTEXT,Reported prescribing/diagnostic relationships require transcript context; no causal axiom or clinical recommendation is inferred.,NONE,NONE,No concept anchor proposed from this label alone.,TOPIC_DISPOSITION_ONLY,LOW_LABEL_CONTEXT_ONLY,NONE,DESIGN_EVIDENCE_NOT_INDEPENDENT,#18 source-context review; no frozen #28 change
DS003-LABEL-002,SRC-DS-003,55440170,Causes for antibiotic shortages,1,DS003-CODE-054,Codebook!A55:F55,Codes\\SA,NO_NATIVE_DEFINITION,,causes for antibiotic shortages,DS003-LEX-004,ORTHOGRAPHIC_REVIEW_ONLY_NO_SEMANTIC_MERGE,Shortage causes and drivers,SOURCE_OR_CONDITION_REVIEW,Source headings call these causes; relation strength and source/condition/trigger distinction remain unverified.,NONE,NONE,No concept anchor proposed from this label alone.,TOPIC_DISPOSITION_ONLY,LOW_LABEL_CONTEXT_ONLY,NONE,DESIGN_EVIDENCE_NOT_INDEPENDENT,#18 source-context review; no frozen #28 change
DS003-LABEL-003,SRC-DS-003,55440170,Causes for antibiotic shortages\Lack of communication around shortages in the system,1,DS003-CODE-055,Codebook!A56:F56,Codes\\SA,NO_NATIVE_DEFINITION,,causes for antibiotic shortages\lack of communication around shortages in the system,DS003-LEX-005,ORTHOGRAPHIC_REVIEW_ONLY_NO_SEMANTIC_MERGE,Shortage causes and drivers,SOURCE_OR_CONDITION_REVIEW,Source headings call these causes; relation strength and source/condition/trigger distinction remain unverified.,NONE,NONE,No concept anchor proposed from this label alone.,TOPIC_DISPOSITION_ONLY,LOW_LABEL_CONTEXT_ONLY,NONE,DESIGN_EVIDENCE_NOT_INDEPENDENT,#18 source-context review; no frozen #28 change
DS003-LABEL-004,SRC-DS-003,55440170,Causes for antibiotic shortages\Lack of trained staff,1,DS003-CODE-056,Codebook!A57:F57,Codes\\SA,NO_NATIVE_DEFINITION,,causes for antibiotic shortages\lack of trained staff,DS003-LEX-006,ORTHOGRAPHIC_REVIEW_ONLY_NO_SEMANTIC_MERGE,Shortage causes and drivers,SOURCE_OR_CONDITION_REVIEW,Source headings call these causes; relation strength and source/condition/trigger distinction remain unverified.,NONE,NONE,No concept anchor proposed from this label alone.,TOPIC_DISPOSITION_ONLY,LOW_LABEL_CONTEXT_ONLY,NONE,DESIGN_EVIDENCE_NOT_INDEPENDENT,#18 source-context review; no frozen #28 change
DS003-LABEL-005,SRC-DS-003,55440170,Causes of antibiotic shortages,1,DS003-CODE-173,Codebook!A174:F174,Codes\\UK,NO_NATIVE_DEFINITION,,causes of antibiotic shortages,DS003-LEX-007,ORTHOGRAPHIC_REVIEW_ONLY_NO_SEMANTIC_MERGE,Shortage causes and drivers,SOURCE_OR_CONDITION_REVIEW,Source headings call these causes; relation strength and source/condition/trigger distinction remain unverified.,NONE,NONE,No concept anchor proposed from this label alone.,TOPIC_DISPOSITION_ONLY,LOW_LABEL_CONTEXT_ONLY,NONE,DESIGN_EVIDENCE_NOT_INDEPENDENT,#18 source-context review; no frozen #28 change
DS003-LABEL-006,SRC-DS-003,55440170,Causes of shortages,1,DS003-CODE-057,Codebook!A58:F58,Codes\\SA,NO_NATIVE_DEFINITION,,causes of shortages,DS003-LEX-008,ORTHOGRAPHIC_REVIEW_ONLY_NO_SEMANTIC_MERGE,Shortage causes and drivers,SOURCE_OR_CONDITION_REVIEW,Source headings call these causes; relation strength and source/condition/trigger distinction remain unverified.,NONE,NONE,No concept anchor proposed from this label alone.,TOPIC_DISPOSITION_ONLY,LOW_LABEL_CONTEXT_ONLY,NONE,DESIGN_EVIDENCE_NOT_INDEPENDENT,#18 source-context review; no frozen #28 change
DS003-LABEL-007,SRC-DS-003,55440170,Causes of shortages\Generic antimicrobial tendering,1,DS003-CODE-058,Codebook!A59:F59,Codes\\SA,NO_NATIVE_DEFINITION,,causes of shortages\generic antimicrobial tendering,DS003-LEX-012,ORTHOGRAPHIC_REVIEW_ONLY_NO_SEMANTIC_MERGE,Shortage causes and drivers,SOURCE_OR_CONDITION_REVIEW,Source headings call these causes; relation strength and source/condition/trigger distinction remain unverified.,NONE,NONE,No concept anchor proposed from this label alone.,TOPIC_DISPOSITION_ONLY,LOW_LABEL_CONTEXT_ONLY,NONE,DESIGN_EVIDENCE_NOT_INDEPENDENT,#18 source-context review; no frozen #28 change
DS003-LABEL-008,SRC-DS-003,55440170,Causes of shortages\Impact of Brexit,1,DS003-CODE-059,Codebook!A60:F60,Codes\\SA,NO_NATIVE_DEFINITION,,causes of shortages\impact of brexit,DS003-LEX-013,ORTHOGRAPHIC_REVIEW_ONLY_NO_SEMANTIC_MERGE,Shortage causes and drivers,SOURCE_OR_CONDITION_REVIEW,Source headings call these causes; relation strength and source/condition/trigger distinction remain unverified.,NONE,NONE,No concept anchor proposed from this label alone.,TOPIC_DISPOSITION_ONLY,LOW_LABEL_CONTEXT_ONLY,NONE,DESIGN_EVIDENCE_NOT_INDEPENDENT,#18 source-context review; no frozen #28 change
DS003-LABEL-009,SRC-DS-003,55440170,Causes of shortages\Lack of transperancy,1,DS003-CODE-060,Codebook!A61:F61,Codes\\SA,NO_NATIVE_DEFINITION,,causes of shortages\lack of transparency,DS003-LEX-015,ORTHOGRAPHIC_REVIEW_ONLY_NO_SEMANTIC_MERGE,Shortage causes and drivers,SOURCE_OR_CONDITION_REVIEW,Source headings call these causes; relation strength and source/condition/trigger distinction remain unverified.,NONE,NONE,No concept anchor proposed from this label alone.,TOPIC_DISPOSITION_ONLY,LOW_LABEL_CONTEXT_ONLY,NONE,DESIGN_EVIDENCE_NOT_INDEPENDENT,#18 source-context review; no frozen #28 change
DS003-LABEL-010,SRC-DS-003,55440170,Causes of shortages\artifcial stockout,1,DS003-CODE-025,Codebook!A26:F26,Codes\\Netherlands,NO_NATIVE_DEFINITION,,causes of shortages\artificial stockout,DS003-LEX-009,ORTHOGRAPHIC_REVIEW_ONLY_NO_SEMANTIC_MERGE,Shortage causes and drivers,SOURCE_OR_CONDITION_REVIEW,Source headings call these causes; relation strength and source/condition/trigger distinction remain unverified.,NONE,NONE,No concept anchor proposed from this label alone.,TOPIC_DISPOSITION_ONLY,LOW_LABEL_CONTEXT_ONLY,NONE,DESIGN_EVIDENCE_NOT_INDEPENDENT,#18 source-context review; no frozen #28 change
DS003-LABEL-011,SRC-DS-003,55440170,Causes of shortages\demand and supply imbalance,2,DS003-CODE-001;DS003-CODE-026,Codebook!A2:F2;Codebook!A27:F27,Codes\\India;Codes\\Netherlands,NO_NATIVE_DEFINITION,,causes of shortages\demand and supply imbalance,DS003-LEX-010,ORTHOGRAPHIC_REVIEW_ONLY_NO_SEMANTIC_MERGE,Shortage causes and drivers,SOURCE_OR_CONDITION_REVIEW,Source headings call these causes; relation strength and source/condition/trigger distinction remain unverified.,SR-CPT-003;SR-CPT-004,Risk Source;Predisposing Condition,Review demand imbalance/understanding as contextual contributor or situational susceptibility; causal force is not established by the code label.,CONDITIONAL_RELATED_REVIEW,LOW_LABEL_CONTEXT_ONLY,NONE,DESIGN_EVIDENCE_NOT_INDEPENDENT,#18 source-context review; no frozen #28 change
DS003-LABEL-012,SRC-DS-003,55440170,Causes of shortages\difficulty in predicting,1,DS003-CODE-027,Codebook!A28:F28,Codes\\Netherlands,NO_NATIVE_DEFINITION,,causes of shortages\difficulty in predicting,DS003-LEX-011,ORTHOGRAPHIC_REVIEW_ONLY_NO_SEMANTIC_MERGE,Shortage causes and drivers,SOURCE_OR_CONDITION_REVIEW,Source headings call these causes; relation strength and source/condition/trigger distinction remain unverified.,NONE,NONE,No concept anchor proposed from this label alone.,TOPIC_DISPOSITION_ONLY,LOW_LABEL_CONTEXT_ONLY,NONE,DESIGN_EVIDENCE_NOT_INDEPENDENT,#18 source-context review; no frozen #28 change
DS003-LABEL-013,SRC-DS-003,55440170,Causes of shortages\lack of global coordination and global funding,1,DS003-CODE-028,Codebook!A29:F29,Codes\\Netherlands,NO_NATIVE_DEFINITION,,causes of shortages\lack of global coordination and global funding,DS003-LEX-014,ORTHOGRAPHIC_REVIEW_ONLY_NO_SEMANTIC_MERGE,Shortage causes and drivers,SOURCE_OR_CONDITION_REVIEW,Source headings call these causes; relation strength and source/condition/trigger distinction remain unverified.,NONE,NONE,No concept anchor proposed from this label alone.,TOPIC_DISPOSITION_ONLY,LOW_LABEL_CONTEXT_ONLY,NONE,DESIGN_EVIDENCE_NOT_INDEPENDENT,#18 source-context review; no frozen #28 change
DS003-LABEL-014,SRC-DS-003,55440170,Causes of shortages\lack of understanding of demand,2,DS003-CODE-002;DS003-CODE-029,Codebook!A3:F3;Codebook!A30:F30,Codes\\India;Codes\\Netherlands,NO_NATIVE_DEFINITION,,causes of shortages\lack of understanding of demand,DS003-LEX-016,ORTHOGRAPHIC_REVIEW_ONLY_NO_SEMANTIC_MERGE,Shortage causes and drivers,SOURCE_OR_CONDITION_REVIEW,Source headings call these causes; relation strength and source/condition/trigger distinction remain unverified.,SR-CPT-003;SR-CPT-004,Risk Source;Predisposing Condition,Review demand imbalance/understanding as contextual contributor or situational susceptibility; causal force is not established by the code label.,CONDITIONAL_RELATED_REVIEW,LOW_LABEL_CONTEXT_ONLY,NONE,DESIGN_EVIDENCE_NOT_INDEPENDENT,#18 source-context review; no frozen #28 change
DS003-LABEL-015,SRC-DS-003,55440170,Causes of shortages\stock piling,1,DS003-CODE-030,Codebook!A31:F31,Codes\\Netherlands,NO_NATIVE_DEFINITION,,causes of shortages\stock piling,DS003-LEX-017,ORTHOGRAPHIC_REVIEW_ONLY_NO_SEMANTIC_MERGE,Shortage causes and drivers,SOURCE_OR_CONDITION_REVIEW,Source headings call these causes; relation strength and source/condition/trigger distinction remain unverified.,NONE,NONE,No concept anchor proposed from this label alone.,TOPIC_DISPOSITION_ONLY,LOW_LABEL_CONTEXT_ONLY,NONE,DESIGN_EVIDENCE_NOT_INDEPENDENT,#18 source-context review; no frozen #28 change
DS003-LABEL-016,SRC-DS-003,55440170,Communication around AMR and drug shortages,4,DS003-CODE-061;DS003-CODE-145;DS003-CODE-174;DS003-CODE-233,Codebook!A62:F62;Codebook!A146:F146;Codebook!A175:F175;Codebook!A234:F234,Codes\\SA;Codes\\Sweden;Codes\\UK;Codes\\US,NO_NATIVE_DEFINITION,,communication around amr and drug shortages,DS003-LEX-018,ORTHOGRAPHIC_REVIEW_ONLY_NO_SEMANTIC_MERGE,Communication,PROCESS_OR_EVIDENCE_REVIEW,"Communication topic alone does not identify an Evidence Item, Observation Result or pharmacovigilance Signal.",NONE,NONE,No concept anchor proposed from this label alone.,TOPIC_DISPOSITION_ONLY,LOW_LABEL_CONTEXT_ONLY,NONE,DESIGN_EVIDENCE_NOT_INDEPENDENT,#18 source-context review; no frozen #28 change
DS003-LABEL-017,SRC-DS-003,55440170,Communication around AMR and drug shortages\Prior communication regarding upcoming shortages,3,DS003-CODE-062;DS003-CODE-175;DS003-CODE-234,Codebook!A63:F63;Codebook!A176:F176;Codebook!A235:F235,Codes\\SA;Codes\\UK;Codes\\US,NO_NATIVE_DEFINITION,,communication around amr and drug shortages\prior communication regarding upcoming shortages,DS003-LEX-019,ORTHOGRAPHIC_REVIEW_ONLY_NO_SEMANTIC_MERGE,Communication,PROCESS_OR_EVIDENCE_REVIEW,"Communication topic alone does not identify an Evidence Item, Observation Result or pharmacovigilance Signal.",NONE,NONE,No concept anchor proposed from this label alone.,TOPIC_DISPOSITION_ONLY,LOW_LABEL_CONTEXT_ONLY,NONE,DESIGN_EVIDENCE_NOT_INDEPENDENT,#18 source-context review; no frozen #28 change
DS003-LABEL-018,SRC-DS-003,55440170,Counterfeit medications,1,DS003-CODE-176,Codebook!A177:F177,Codes\\UK,NO_NATIVE_DEFINITION,,counterfeit medications,DS003-LEX-020,ORTHOGRAPHIC_REVIEW_ONLY_NO_SEMANTIC_MERGE,Counterfeit products,EXTERNAL_ENTITY_OR_EVENT_REVIEW,Product identity and possible falsification events require external Pharma semantics and transcript context.,NONE,NONE,No concept anchor proposed from this label alone.,TOPIC_DISPOSITION_ONLY,LOW_LABEL_CONTEXT_ONLY,NONE,DESIGN_EVIDENCE_NOT_INDEPENDENT,#18 source-context review; no frozen #28 change
DS003-LABEL-019,SRC-DS-003,55440170,Current procurement and supply chain,6,DS003-CODE-003;DS003-CODE-031;DS003-CODE-063;DS003-CODE-146;DS003-CODE-177;DS003-CODE-235,Codebook!A4:F4;Codebook!A32:F32;Codebook!A64:F64;Codebook!A147:F147;Codebook!A178:F178;Codebook!A236:F236,Codes\\India;Codes\\Netherlands;Codes\\SA;Codes\\Sweden;Codes\\UK;Codes\\US,NO_NATIVE_DEFINITION,,current procurement and supply chain,DS003-LEX-021,ORTHOGRAPHIC_REVIEW_ONLY_NO_SEMANTIC_MERGE,Procurement and supply context,EXTERNAL_PROCESS_CONTEXT,Procurement headings and strengths/weaknesses are heterogeneous source context; do not equate whole paths with Business Process.,NONE,NONE,No concept anchor proposed from this label alone.,TOPIC_DISPOSITION_ONLY,LOW_LABEL_CONTEXT_ONLY,NONE,DESIGN_EVIDENCE_NOT_INDEPENDENT,#18 source-context review; no frozen #28 change
DS003-LABEL-020,SRC-DS-003,55440170,Current procurement and supply chain land scape,1,DS003-CODE-236,Codebook!A237:F237,Codes\\US,NO_NATIVE_DEFINITION,,current procurement and supply chain landscape,DS003-LEX-022,ORTHOGRAPHIC_REVIEW_ONLY_NO_SEMANTIC_MERGE,Procurement and supply context,EXTERNAL_PROCESS_CONTEXT,Procurement headings and strengths/weaknesses are heterogeneous source context; do not equate whole paths with Business Process.,NONE,NONE,No concept anchor proposed from this label alone.,TOPIC_DISPOSITION_ONLY,LOW_LABEL_CONTEXT_ONLY,NONE,DESIGN_EVIDENCE_NOT_INDEPENDENT,#18 source-context review; no frozen #28 change
DS003-LABEL-021,SRC-DS-003,55440170,Current procurement and supply chain land scape\Example of supply problems faced and their impact,1,DS003-CODE-180,Codebook!A181:F181,Codes\\UK,NO_NATIVE_DEFINITION,,current procurement and supply chain landscape\example of supply problems faced and their impact,DS003-LEX-023,ORTHOGRAPHIC_REVIEW_ONLY_NO_SEMANTIC_MERGE,Procurement and supply context,EXTERNAL_PROCESS_CONTEXT,Procurement headings and strengths/weaknesses are heterogeneous source context; do not equate whole paths with Business Process.,NONE,NONE,No concept anchor proposed from this label alone.,TOPIC_DISPOSITION_ONLY,LOW_LABEL_CONTEXT_ONLY,NONE,DESIGN_EVIDENCE_NOT_INDEPENDENT,#18 source-context review; no frozen #28 change
DS003-LABEL-022,SRC-DS-003,55440170,Current procurement and supply chain land scape\Key drivers fro shortages link to manufacturing,1,DS003-CODE-237,Codebook!A238:F238,Codes\\US,NO_NATIVE_DEFINITION,,current procurement and supply chain landscape\key drivers for shortages linked to manufacturing,DS003-LEX-024,ORTHOGRAPHIC_REVIEW_ONLY_NO_SEMANTIC_MERGE,Procurement and supply context,EXTERNAL_PROCESS_CONTEXT,Procurement headings and strengths/weaknesses are heterogeneous source context; do not equate whole paths with Business Process.,NONE,NONE,No concept anchor proposed from this label alone.,TOPIC_DISPOSITION_ONLY,LOW_LABEL_CONTEXT_ONLY,NONE,DESIGN_EVIDENCE_NOT_INDEPENDENT,#18 source-context review; no frozen #28 change
DS003-LABEL-023,SRC-DS-003,55440170,Current procurement and supply chain land scape\Key drivers fro shortages link to manufacturing\Economic drivers,1,DS003-CODE-181,Codebook!A182:F182,Codes\\UK,NO_NATIVE_DEFINITION,,current procurement and supply chain landscape\key drivers for shortages linked to manufacturing\economic drivers,DS003-LEX-025,ORTHOGRAPHIC_REVIEW_ONLY_NO_SEMANTIC_MERGE,Procurement and supply context,EXTERNAL_PROCESS_CONTEXT,Procurement headings and strengths/weaknesses are heterogeneous source context; do not equate whole paths with Business Process.,SR-CPT-003;SR-CPT-004,Risk Source;Predisposing Condition,Driver labels support source/condition review only; do not infer causation or intrinsic Vulnerability from a contextual heading.,CONDITIONAL_RELATED_REVIEW,LOW_LABEL_CONTEXT_ONLY,NONE,DESIGN_EVIDENCE_NOT_INDEPENDENT,#18 source-context review; no frozen #28 change
DS003-LABEL-024,SRC-DS-003,55440170,Current procurement and supply chain landscape,1,DS003-CODE-069,Codebook!A70:F70,Codes\\SA,NO_NATIVE_DEFINITION,,current procurement and supply chain landscape,DS003-LEX-022,ORTHOGRAPHIC_REVIEW_ONLY_NO_SEMANTIC_MERGE,Procurement and supply context,EXTERNAL_PROCESS_CONTEXT,Procurement headings and strengths/weaknesses are heterogeneous source context; do not equate whole paths with Business Process.,NONE,NONE,No concept anchor proposed from this label alone.,TOPIC_DISPOSITION_ONLY,LOW_LABEL_CONTEXT_ONLY,NONE,DESIGN_EVIDENCE_NOT_INDEPENDENT,#18 source-context review; no frozen #28 change
DS003-LABEL-025,SRC-DS-003,55440170,Current procurement and supply chain landscape\Example of supply problems faced and their impact,1,DS003-CODE-070,Codebook!A71:F71,Codes\\SA,NO_NATIVE_DEFINITION,,current procurement and supply chain landscape\example of supply problems faced and their impact,DS003-LEX-023,ORTHOGRAPHIC_REVIEW_ONLY_NO_SEMANTIC_MERGE,Procurement and supply context,EXTERNAL_PROCESS_CONTEXT,Procurement headings and strengths/weaknesses are heterogeneous source context; do not equate whole paths with Business Process.,NONE,NONE,No concept anchor proposed from this label alone.,TOPIC_DISPOSITION_ONLY,LOW_LABEL_CONTEXT_ONLY,NONE,DESIGN_EVIDENCE_NOT_INDEPENDENT,#18 source-context review; no frozen #28 change
DS003-LABEL-026,SRC-DS-003,55440170,Current procurement and supply chain landscape\Example of supply problems faced and thier impact,1,DS003-CODE-071,Codebook!A72:F72,Codes\\SA,NO_NATIVE_DEFINITION,,current procurement and supply chain landscape\example of supply problems faced and their impact,DS003-LEX-023,ORTHOGRAPHIC_REVIEW_ONLY_NO_SEMANTIC_MERGE,Procurement and supply context,EXTERNAL_PROCESS_CONTEXT,Procurement headings and strengths/weaknesses are heterogeneous source context; do not equate whole paths with Business Process.,NONE,NONE,No concept anchor proposed from this label alone.,TOPIC_DISPOSITION_ONLY,LOW_LABEL_CONTEXT_ONLY,NONE,DESIGN_EVIDENCE_NOT_INDEPENDENT,#18 source-context review; no frozen #28 change
DS003-LABEL-027,SRC-DS-003,55440170,Current procurement and supply chain landscape\Key drivers for shortages linked to manufacturing,1,DS003-CODE-072,Codebook!A73:F73,Codes\\SA,NO_NATIVE_DEFINITION,,current procurement and supply chain landscape\key drivers for shortages linked to manufacturing,DS003-LEX-024,ORTHOGRAPHIC_REVIEW_ONLY_NO_SEMANTIC_MERGE,Procurement and supply context,EXTERNAL_PROCESS_CONTEXT,Procurement headings and strengths/weaknesses are heterogeneous source context; do not equate whole paths with Business Process.,NONE,NONE,No concept anchor proposed from this label alone.,TOPIC_DISPOSITION_ONLY,LOW_LABEL_CONTEXT_ONLY,NONE,DESIGN_EVIDENCE_NOT_INDEPENDENT,#18 source-context review; no frozen #28 change
DS003-LABEL-028,SRC-DS-003,55440170,Current procurement and supply chain landscape\Key drivers for shortages linked to manufacturing\Economic drivers,1,DS003-CODE-073,Codebook!A74:F74,Codes\\SA,NO_NATIVE_DEFINITION,,current procurement and supply chain landscape\key drivers for shortages linked to manufacturing\economic drivers,DS003-LEX-025,ORTHOGRAPHIC_REVIEW_ONLY_NO_SEMANTIC_MERGE,Procurement and supply context,EXTERNAL_PROCESS_CONTEXT,Procurement headings and strengths/weaknesses are heterogeneous source context; do not equate whole paths with Business Process.,SR-CPT-003;SR-CPT-004,Risk Source;Predisposing Condition,Driver labels support source/condition review only; do not infer causation or intrinsic Vulnerability from a contextual heading.,CONDITIONAL_RELATED_REVIEW,LOW_LABEL_CONTEXT_ONLY,NONE,DESIGN_EVIDENCE_NOT_INDEPENDENT,#18 source-context review; no frozen #28 change
DS003-LABEL-029,SRC-DS-003,55440170,Current procurement and supply chain landscape\Key drivers for shortages linked to manufacturing\Regulatory drivers,1,DS003-CODE-074,Codebook!A75:F75,Codes\\SA,NO_NATIVE_DEFINITION,,current procurement and supply chain landscape\key drivers for shortages linked to manufacturing\regulatory drivers,DS003-LEX-026,ORTHOGRAPHIC_REVIEW_ONLY_NO_SEMANTIC_MERGE,Procurement and supply context,EXTERNAL_PROCESS_CONTEXT,Procurement headings and strengths/weaknesses are heterogeneous source context; do not equate whole paths with Business Process.,SR-CPT-003;SR-CPT-004,Risk Source;Predisposing Condition,Driver labels support source/condition review only; do not infer causation or intrinsic Vulnerability from a contextual heading.,CONDITIONAL_RELATED_REVIEW,LOW_LABEL_CONTEXT_ONLY,NONE,DESIGN_EVIDENCE_NOT_INDEPENDENT,#18 source-context review; no frozen #28 change
DS003-LABEL-030,SRC-DS-003,55440170,Current procurement and supply chain landscape\Pull incentives,1,DS003-CODE-075,Codebook!A76:F76,Codes\\SA,NO_NATIVE_DEFINITION,,current procurement and supply chain landscape\pull incentives,DS003-LEX-027,ORTHOGRAPHIC_REVIEW_ONLY_NO_SEMANTIC_MERGE,Procurement and supply context,EXTERNAL_PROCESS_CONTEXT,Procurement headings and strengths/weaknesses are heterogeneous source context; do not equate whole paths with Business Process.,NONE,NONE,No concept anchor proposed from this label alone.,TOPIC_DISPOSITION_ONLY,LOW_LABEL_CONTEXT_ONLY,NONE,DESIGN_EVIDENCE_NOT_INDEPENDENT,#18 source-context review; no frozen #28 change
DS003-LABEL-031,SRC-DS-003,55440170,Current procurement and supply chain landscape\Scope of activity in relation to shortages,1,DS003-CODE-076,Codebook!A77:F77,Codes\\SA,NO_NATIVE_DEFINITION,,current procurement and supply chain landscape\scope of activity in relation to shortages,DS003-LEX-028,ORTHOGRAPHIC_REVIEW_ONLY_NO_SEMANTIC_MERGE,Procurement and supply context,EXTERNAL_PROCESS_CONTEXT,Procurement headings and strengths/weaknesses are heterogeneous source context; do not equate whole paths with Business Process.,NONE,NONE,No concept anchor proposed from this label alone.,TOPIC_DISPOSITION_ONLY,LOW_LABEL_CONTEXT_ONLY,NONE,DESIGN_EVIDENCE_NOT_INDEPENDENT,#18 source-context review; no frozen #28 change
DS003-LABEL-032,SRC-DS-003,55440170,Current procurement and supply chain\Example of supply problems faced and thier impact,1,DS003-CODE-147,Codebook!A148:F148,Codes\\Sweden,NO_NATIVE_DEFINITION,,current procurement and supply chain\example of supply problems faced and their impact,DS003-LEX-030,ORTHOGRAPHIC_REVIEW_ONLY_NO_SEMANTIC_MERGE,Procurement and supply context,EXTERNAL_PROCESS_CONTEXT,Procurement headings and strengths/weaknesses are heterogeneous source context; do not equate whole paths with Business Process.,NONE,NONE,No concept anchor proposed from this label alone.,TOPIC_DISPOSITION_ONLY,LOW_LABEL_CONTEXT_ONLY,NONE,DESIGN_EVIDENCE_NOT_INDEPENDENT,#18 source-context review; no frozen #28 change
DS003-LABEL-033,SRC-DS-003,55440170,Current procurement and supply chain\Key drivers fro shortages link to manufacturing,1,DS003-CODE-148,Codebook!A149:F149,Codes\\Sweden,NO_NATIVE_DEFINITION,,current procurement and supply chain\key drivers for shortages linked to manufacturing,DS003-LEX-031,ORTHOGRAPHIC_REVIEW_ONLY_NO_SEMANTIC_MERGE,Procurement and supply context,EXTERNAL_PROCESS_CONTEXT,Procurement headings and strengths/weaknesses are heterogeneous source context; do not equate whole paths with Business Process.,NONE,NONE,No concept anchor proposed from this label alone.,TOPIC_DISPOSITION_ONLY,LOW_LABEL_CONTEXT_ONLY,NONE,DESIGN_EVIDENCE_NOT_INDEPENDENT,#18 source-context review; no frozen #28 change
DS003-LABEL-034,SRC-DS-003,55440170,Current procurement and supply chain\Key drivers of shortages linked to manufacturing,3,DS003-CODE-004;DS003-CODE-033;DS003-CODE-065,Codebook!A5:F5;Codebook!A34:F34;Codebook!A66:F66,Codes\\India;Codes\\Netherlands;Codes\\SA,NO_NATIVE_DEFINITION,,current procurement and supply chain\key drivers of shortages linked to manufacturing,DS003-LEX-032,ORTHOGRAPHIC_REVIEW_ONLY_NO_SEMANTIC_MERGE,Procurement and supply context,EXTERNAL_PROCESS_CONTEXT,Procurement headings and strengths/weaknesses are heterogeneous source context; do not equate whole paths with Business Process.,NONE,NONE,No concept anchor proposed from this label alone.,TOPIC_DISPOSITION_ONLY,LOW_LABEL_CONTEXT_ONLY,NONE,DESIGN_EVIDENCE_NOT_INDEPENDENT,#18 source-context review; no frozen #28 change
DS003-LABEL-035,SRC-DS-003,55440170,Current procurement and supply chain\Maintaining stocks,1,DS003-CODE-005,Codebook!A6:F6,Codes\\India,NO_NATIVE_DEFINITION,,current procurement and supply chain\maintaining stocks,DS003-LEX-033,ORTHOGRAPHIC_REVIEW_ONLY_NO_SEMANTIC_MERGE,Procurement and supply context,EXTERNAL_PROCESS_CONTEXT,Procurement headings and strengths/weaknesses are heterogeneous source context; do not equate whole paths with Business Process.,NONE,NONE,No concept anchor proposed from this label alone.,TOPIC_DISPOSITION_ONLY,LOW_LABEL_CONTEXT_ONLY,NONE,DESIGN_EVIDENCE_NOT_INDEPENDENT,#18 source-context review; no frozen #28 change
DS003-LABEL-036,SRC-DS-003,55440170,Current procurement and supply chain\Strengths,2,DS003-CODE-007;DS003-CODE-067,Codebook!A8:F8;Codebook!A68:F68,Codes\\India;Codes\\SA,NO_NATIVE_DEFINITION,,current procurement and supply chain\strengths,DS003-LEX-036,ORTHOGRAPHIC_REVIEW_ONLY_NO_SEMANTIC_MERGE,Procurement and supply context,EXTERNAL_PROCESS_CONTEXT,Procurement headings and strengths/weaknesses are heterogeneous source context; do not equate whole paths with Business Process.,NONE,NONE,No concept anchor proposed from this label alone.,TOPIC_DISPOSITION_ONLY,LOW_LABEL_CONTEXT_ONLY,NONE,DESIGN_EVIDENCE_NOT_INDEPENDENT,#18 source-context review; no frozen #28 change
DS003-LABEL-037,SRC-DS-003,55440170,Current procurement and supply chain\Weakness,2,DS003-CODE-008;DS003-CODE-068,Codebook!A9:F9;Codebook!A69:F69,Codes\\India;Codes\\SA,NO_NATIVE_DEFINITION,,current procurement and supply chain\weakness,DS003-LEX-037,ORTHOGRAPHIC_REVIEW_ONLY_NO_SEMANTIC_MERGE,Procurement and supply context,EXTERNAL_PROCESS_CONTEXT,Procurement headings and strengths/weaknesses are heterogeneous source context; do not equate whole paths with Business Process.,NONE,NONE,No concept anchor proposed from this label alone.,TOPIC_DISPOSITION_ONLY,LOW_LABEL_CONTEXT_ONLY,NONE,DESIGN_EVIDENCE_NOT_INDEPENDENT,#18 source-context review; no frozen #28 change
DS003-LABEL-038,SRC-DS-003,55440170,Current procurement and supply chain\example of supply problem faced and their impact,2,DS003-CODE-032;DS003-CODE-064,Codebook!A33:F33;Codebook!A65:F65,Codes\\Netherlands;Codes\\SA,NO_NATIVE_DEFINITION,,current procurement and supply chain\example of supply problem faced and their impact,DS003-LEX-029,ORTHOGRAPHIC_REVIEW_ONLY_NO_SEMANTIC_MERGE,Procurement and supply context,EXTERNAL_PROCESS_CONTEXT,Procurement headings and strengths/weaknesses are heterogeneous source context; do not equate whole paths with Business Process.,NONE,NONE,No concept anchor proposed from this label alone.,TOPIC_DISPOSITION_ONLY,LOW_LABEL_CONTEXT_ONLY,NONE,DESIGN_EVIDENCE_NOT_INDEPENDENT,#18 source-context review; no frozen #28 change
DS003-LABEL-039,SRC-DS-003,55440170,Current procurement and supply chain\pull incentives,2,DS003-CODE-066;DS003-CODE-178,Codebook!A67:F67;Codebook!A179:F179,Codes\\SA;Codes\\UK,NO_NATIVE_DEFINITION,,current procurement and supply chain\pull incentives,DS003-LEX-034,ORTHOGRAPHIC_REVIEW_ONLY_NO_SEMANTIC_MERGE,Procurement and supply context,EXTERNAL_PROCESS_CONTEXT,Procurement headings and strengths/weaknesses are heterogeneous source context; do not equate whole paths with Business Process.,NONE,NONE,No concept anchor proposed from this label alone.,TOPIC_DISPOSITION_ONLY,LOW_LABEL_CONTEXT_ONLY,NONE,DESIGN_EVIDENCE_NOT_INDEPENDENT,#18 source-context review; no frozen #28 change
DS003-LABEL-040,SRC-DS-003,55440170,Current procurement and supply chain\scope for improvement,2,DS003-CODE-006;DS003-CODE-179,Codebook!A7:F7;Codebook!A180:F180,Codes\\India;Codes\\UK,NO_NATIVE_DEFINITION,,current procurement and supply chain\scope for improvement,DS003-LEX-035,ORTHOGRAPHIC_REVIEW_ONLY_NO_SEMANTIC_MERGE,Procurement and supply context,EXTERNAL_PROCESS_CONTEXT,Procurement headings and strengths/weaknesses are heterogeneous source context; do not equate whole paths with Business Process.,NONE,NONE,No concept anchor proposed from this label alone.,TOPIC_DISPOSITION_ONLY,LOW_LABEL_CONTEXT_ONLY,NONE,DESIGN_EVIDENCE_NOT_INDEPENDENT,#18 source-context review; no frozen #28 change
DS003-LABEL-041,SRC-DS-003,55440170,Economic factors,6,DS003-CODE-009;DS003-CODE-034;DS003-CODE-077;DS003-CODE-149;DS003-CODE-182;DS003-CODE-238,Codebook!A10:F10;Codebook!A35:F35;Codebook!A78:F78;Codebook!A150:F150;Codebook!A183:F183;Codebook!A239:F239,Codes\\India;Codes\\Netherlands;Codes\\SA;Codes\\Sweden;Codes\\UK;Codes\\US,NO_NATIVE_DEFINITION,,economic factors,DS003-LEX-038,ORTHOGRAPHIC_REVIEW_ONLY_NO_SEMANTIC_MERGE,Economic context,PROFILE_CONTEXT,"Economic drivers, impacts and interventions must stay distinct; a topic is not a risk class or numerical risk assessment.",NONE,NONE,No concept anchor proposed from this label alone.,TOPIC_DISPOSITION_ONLY,LOW_LABEL_CONTEXT_ONLY,NONE,DESIGN_EVIDENCE_NOT_INDEPENDENT,#18 source-context review; no frozen #28 change
DS003-LABEL-042,SRC-DS-003,55440170,Economic factors\Drivers,1,DS003-CODE-184,Codebook!A185:F185,Codes\\UK,NO_NATIVE_DEFINITION,,economic factors\drivers,DS003-LEX-040,ORTHOGRAPHIC_REVIEW_ONLY_NO_SEMANTIC_MERGE,Economic context,PROFILE_CONTEXT,"Economic drivers, impacts and interventions must stay distinct; a topic is not a risk class or numerical risk assessment.",NONE,NONE,No concept anchor proposed from this label alone.,TOPIC_DISPOSITION_ONLY,LOW_LABEL_CONTEXT_ONLY,NONE,DESIGN_EVIDENCE_NOT_INDEPENDENT,#18 source-context review; no frozen #28 change
DS003-LABEL-043,SRC-DS-003,55440170,Economic factors\Economic models,1,DS003-CODE-078,Codebook!A79:F79,Codes\\SA,NO_NATIVE_DEFINITION,,economic factors\economic models,DS003-LEX-041,ORTHOGRAPHIC_REVIEW_ONLY_NO_SEMANTIC_MERGE,Economic context,PROFILE_CONTEXT,"Economic drivers, impacts and interventions must stay distinct; a topic is not a risk class or numerical risk assessment.",NONE,NONE,No concept anchor proposed from this label alone.,TOPIC_DISPOSITION_ONLY,LOW_LABEL_CONTEXT_ONLY,NONE,DESIGN_EVIDENCE_NOT_INDEPENDENT,#18 source-context review; no frozen #28 change
DS003-LABEL-044,SRC-DS-003,55440170,Economic factors\Economic models\Subscription models,1,DS003-CODE-079,Codebook!A80:F80,Codes\\SA,NO_NATIVE_DEFINITION,,economic factors\economic models\subscription models,DS003-LEX-042,ORTHOGRAPHIC_REVIEW_ONLY_NO_SEMANTIC_MERGE,Economic context,PROFILE_CONTEXT,"Economic drivers, impacts and interventions must stay distinct; a topic is not a risk class or numerical risk assessment.",NONE,NONE,No concept anchor proposed from this label alone.,TOPIC_DISPOSITION_ONLY,LOW_LABEL_CONTEXT_ONLY,NONE,DESIGN_EVIDENCE_NOT_INDEPENDENT,#18 source-context review; no frozen #28 change
DS003-LABEL-045,SRC-DS-003,55440170,Economic factors\Global funds for incentivising,1,DS003-CODE-035,Codebook!A36:F36,Codes\\Netherlands,NO_NATIVE_DEFINITION,,economic factors\global funds for incentivising,DS003-LEX-043,ORTHOGRAPHIC_REVIEW_ONLY_NO_SEMANTIC_MERGE,Economic context,PROFILE_CONTEXT,"Economic drivers, impacts and interventions must stay distinct; a topic is not a risk class or numerical risk assessment.",NONE,NONE,No concept anchor proposed from this label alone.,TOPIC_DISPOSITION_ONLY,LOW_LABEL_CONTEXT_ONLY,NONE,DESIGN_EVIDENCE_NOT_INDEPENDENT,#18 source-context review; no frozen #28 change
DS003-LABEL-046,SRC-DS-003,55440170,Economic factors\Impact of reduced budgets,1,DS003-CODE-080,Codebook!A81:F81,Codes\\SA,NO_NATIVE_DEFINITION,,economic factors\impact of reduced budgets,DS003-LEX-045,ORTHOGRAPHIC_REVIEW_ONLY_NO_SEMANTIC_MERGE,Economic context,PROFILE_CONTEXT,"Economic drivers, impacts and interventions must stay distinct; a topic is not a risk class or numerical risk assessment.",SR-CPT-003;SR-CPT-004,Risk Source;Predisposing Condition,Driver labels support source/condition review only; do not infer causation or intrinsic Vulnerability from a contextual heading.,CONDITIONAL_RELATED_REVIEW,LOW_LABEL_CONTEXT_ONLY,NONE,DESIGN_EVIDENCE_NOT_INDEPENDENT,#18 source-context review; no frozen #28 change
DS003-LABEL-047,SRC-DS-003,55440170,Economic factors\Low margins on generic antibiotics,1,DS003-CODE-185,Codebook!A186:F186,Codes\\UK,NO_NATIVE_DEFINITION,,economic factors\low margins on generic antibiotics,DS003-LEX-046,ORTHOGRAPHIC_REVIEW_ONLY_NO_SEMANTIC_MERGE,Economic context,PROFILE_CONTEXT,"Economic drivers, impacts and interventions must stay distinct; a topic is not a risk class or numerical risk assessment.",SR-CPT-003;SR-CPT-004,Risk Source;Predisposing Condition,Driver labels support source/condition review only; do not infer causation or intrinsic Vulnerability from a contextual heading.,CONDITIONAL_RELATED_REVIEW,LOW_LABEL_CONTEXT_ONLY,NONE,DESIGN_EVIDENCE_NOT_INDEPENDENT,#18 source-context review; no frozen #28 change
DS003-LABEL-048,SRC-DS-003,55440170,Economic factors\Need economic incentivisation at all levels,4,DS003-CODE-081;DS003-CODE-150;DS003-CODE-186;DS003-CODE-239,Codebook!A82:F82;Codebook!A151:F151;Codebook!A187:F187;Codebook!A240:F240,Codes\\SA;Codes\\Sweden;Codes\\UK;Codes\\US,NO_NATIVE_DEFINITION,,economic factors\need economic incentivisation at all levels,DS003-LEX-047,ORTHOGRAPHIC_REVIEW_ONLY_NO_SEMANTIC_MERGE,Economic context,PROFILE_CONTEXT,"Economic drivers, impacts and interventions must stay distinct; a topic is not a risk class or numerical risk assessment.",NONE,NONE,No concept anchor proposed from this label alone.,TOPIC_DISPOSITION_ONLY,LOW_LABEL_CONTEXT_ONLY,NONE,DESIGN_EVIDENCE_NOT_INDEPENDENT,#18 source-context review; no frozen #28 change
DS003-LABEL-049,SRC-DS-003,55440170,Economic factors\Need economic intcentivisation at all levels,1,DS003-CODE-082,Codebook!A83:F83,Codes\\SA,NO_NATIVE_DEFINITION,,economic factors\need economic incentivisation at all levels,DS003-LEX-047,ORTHOGRAPHIC_REVIEW_ONLY_NO_SEMANTIC_MERGE,Economic context,PROFILE_CONTEXT,"Economic drivers, impacts and interventions must stay distinct; a topic is not a risk class or numerical risk assessment.",NONE,NONE,No concept anchor proposed from this label alone.,TOPIC_DISPOSITION_ONLY,LOW_LABEL_CONTEXT_ONLY,NONE,DESIGN_EVIDENCE_NOT_INDEPENDENT,#18 source-context review; no frozen #28 change
DS003-LABEL-050,SRC-DS-003,55440170,Economic factors\Opportunity cost - unintended economic impact of shortage,1,DS003-CODE-083,Codebook!A84:F84,Codes\\SA,NO_NATIVE_DEFINITION,,economic factors\opportunity cost - unintended economic impact of shortage,DS003-LEX-048,ORTHOGRAPHIC_REVIEW_ONLY_NO_SEMANTIC_MERGE,Economic context,PROFILE_CONTEXT,"Economic drivers, impacts and interventions must stay distinct; a topic is not a risk class or numerical risk assessment.",SR-CPT-008,Consequence,"Review a described outcome/effect against Consequence; label alone supplies no magnitude, Impact Assessment Result, or Health Harm adoption.",CONDITIONAL_RELATED_REVIEW,LOW_LABEL_CONTEXT_ONLY,NONE,DESIGN_EVIDENCE_NOT_INDEPENDENT,#18 source-context review; no frozen #28 change
DS003-LABEL-051,SRC-DS-003,55440170,Economic factors\Opportunity cost- unintended economic impact of shortages,1,DS003-CODE-187,Codebook!A188:F188,Codes\\UK,NO_NATIVE_DEFINITION,,economic factors\opportunity cost - unintended economic impact of shortages,DS003-LEX-049,ORTHOGRAPHIC_REVIEW_ONLY_NO_SEMANTIC_MERGE,Economic context,PROFILE_CONTEXT,"Economic drivers, impacts and interventions must stay distinct; a topic is not a risk class or numerical risk assessment.",SR-CPT-008,Consequence,"Review a described outcome/effect against Consequence; label alone supplies no magnitude, Impact Assessment Result, or Health Harm adoption.",CONDITIONAL_RELATED_REVIEW,LOW_LABEL_CONTEXT_ONLY,NONE,DESIGN_EVIDENCE_NOT_INDEPENDENT,#18 source-context review; no frozen #28 change
DS003-LABEL-052,SRC-DS-003,55440170,Economic factors\Pricing of antibiotics disicentivising suppliers,1,DS003-CODE-084,Codebook!A85:F85,Codes\\SA,NO_NATIVE_DEFINITION,,economic factors\pricing of antibiotics disincentivising suppliers,DS003-LEX-050,ORTHOGRAPHIC_REVIEW_ONLY_NO_SEMANTIC_MERGE,Economic context,PROFILE_CONTEXT,"Economic drivers, impacts and interventions must stay distinct; a topic is not a risk class or numerical risk assessment.",SR-CPT-003;SR-CPT-004,Risk Source;Predisposing Condition,Driver labels support source/condition review only; do not infer causation or intrinsic Vulnerability from a contextual heading.,CONDITIONAL_RELATED_REVIEW,LOW_LABEL_CONTEXT_ONLY,NONE,DESIGN_EVIDENCE_NOT_INDEPENDENT,#18 source-context review; no frozen #28 change
DS003-LABEL-053,SRC-DS-003,55440170,Economic factors\Pricing of antibiotics disincentivising suppliers,4,DS003-CODE-085;DS003-CODE-151;DS003-CODE-188;DS003-CODE-240,Codebook!A86:F86;Codebook!A152:F152;Codebook!A189:F189;Codebook!A241:F241,Codes\\SA;Codes\\Sweden;Codes\\UK;Codes\\US,NO_NATIVE_DEFINITION,,economic factors\pricing of antibiotics disincentivising suppliers,DS003-LEX-050,ORTHOGRAPHIC_REVIEW_ONLY_NO_SEMANTIC_MERGE,Economic context,PROFILE_CONTEXT,"Economic drivers, impacts and interventions must stay distinct; a topic is not a risk class or numerical risk assessment.",SR-CPT-003;SR-CPT-004,Risk Source;Predisposing Condition,Driver labels support source/condition review only; do not infer causation or intrinsic Vulnerability from a contextual heading.,CONDITIONAL_RELATED_REVIEW,LOW_LABEL_CONTEXT_ONLY,NONE,DESIGN_EVIDENCE_NOT_INDEPENDENT,#18 source-context review; no frozen #28 change
DS003-LABEL-054,SRC-DS-003,55440170,Economic factors\consequences,1,DS003-CODE-183,Codebook!A184:F184,Codes\\UK,NO_NATIVE_DEFINITION,,economic factors\consequences,DS003-LEX-039,ORTHOGRAPHIC_REVIEW_ONLY_NO_SEMANTIC_MERGE,Economic context,PROFILE_CONTEXT,"Economic drivers, impacts and interventions must stay distinct; a topic is not a risk class or numerical risk assessment.",SR-CPT-008,Consequence,"Review a described outcome/effect against Consequence; label alone supplies no magnitude, Impact Assessment Result, or Health Harm adoption.",CONDITIONAL_RELATED_REVIEW,LOW_LABEL_CONTEXT_ONLY,NONE,DESIGN_EVIDENCE_NOT_INDEPENDENT,#18 source-context review; no frozen #28 change
DS003-LABEL-055,SRC-DS-003,55440170,Economic factors\impact of price capping on shortages,1,DS003-CODE-010,Codebook!A11:F11,Codes\\India,NO_NATIVE_DEFINITION,,economic factors\impact of price capping on shortages,DS003-LEX-044,ORTHOGRAPHIC_REVIEW_ONLY_NO_SEMANTIC_MERGE,Economic context,PROFILE_CONTEXT,"Economic drivers, impacts and interventions must stay distinct; a topic is not a risk class or numerical risk assessment.",SR-CPT-003;SR-CPT-004,Risk Source;Predisposing Condition,Driver labels support source/condition review only; do not infer causation or intrinsic Vulnerability from a contextual heading.,CONDITIONAL_RELATED_REVIEW,LOW_LABEL_CONTEXT_ONLY,NONE,DESIGN_EVIDENCE_NOT_INDEPENDENT,#18 source-context review; no frozen #28 change
DS003-LABEL-056,SRC-DS-003,55440170,Example of supply problems faced and their impact,1,DS003-CODE-152,Codebook!A153:F153,Codes\\Sweden,NO_NATIVE_DEFINITION,,example of supply problems faced and their impact,DS003-LEX-051,ORTHOGRAPHIC_REVIEW_ONLY_NO_SEMANTIC_MERGE,Supply problems and impacts,EVENT_OR_CONSEQUENCE_REVIEW,"An example heading does not establish whether it denotes a realized event, scenario, description or consequence.",NONE,NONE,No concept anchor proposed from this label alone.,TOPIC_DISPOSITION_ONLY,LOW_LABEL_CONTEXT_ONLY,NONE,DESIGN_EVIDENCE_NOT_INDEPENDENT,#18 source-context review; no frozen #28 change
DS003-LABEL-057,SRC-DS-003,55440170,Exisitng processes for delaing with shortages,1,DS003-CODE-086,Codebook!A87:F87,Codes\\SA,NO_NATIVE_DEFINITION,,existing processes for dealing with shortages,DS003-LEX-052,ORTHOGRAPHIC_REVIEW_ONLY_NO_SEMANTIC_MERGE,Shortage management,ACTIVITY_OR_STRATEGY_REVIEW,"Distinguish performed activity, selected strategy, plan and persistent control using source passages.",NONE,NONE,No concept anchor proposed from this label alone.,TOPIC_DISPOSITION_ONLY,LOW_LABEL_CONTEXT_ONLY,NONE,DESIGN_EVIDENCE_NOT_INDEPENDENT,#18 source-context review; no frozen #28 change
DS003-LABEL-058,SRC-DS-003,55440170,Existing processes for dealing with shortages,1,DS003-CODE-153,Codebook!A154:F154,Codes\\Sweden,NO_NATIVE_DEFINITION,,existing processes for dealing with shortages,DS003-LEX-052,ORTHOGRAPHIC_REVIEW_ONLY_NO_SEMANTIC_MERGE,Shortage management,ACTIVITY_OR_STRATEGY_REVIEW,"Distinguish performed activity, selected strategy, plan and persistent control using source passages.",NONE,NONE,No concept anchor proposed from this label alone.,TOPIC_DISPOSITION_ONLY,LOW_LABEL_CONTEXT_ONLY,NONE,DESIGN_EVIDENCE_NOT_INDEPENDENT,#18 source-context review; no frozen #28 change
DS003-LABEL-059,SRC-DS-003,55440170,Existing processes fro dealing with shortages,1,DS003-CODE-189,Codebook!A190:F190,Codes\\UK,NO_NATIVE_DEFINITION,,existing processes for dealing with shortages,DS003-LEX-052,ORTHOGRAPHIC_REVIEW_ONLY_NO_SEMANTIC_MERGE,Shortage management,ACTIVITY_OR_STRATEGY_REVIEW,"Distinguish performed activity, selected strategy, plan and persistent control using source passages.",NONE,NONE,No concept anchor proposed from this label alone.,TOPIC_DISPOSITION_ONLY,LOW_LABEL_CONTEXT_ONLY,NONE,DESIGN_EVIDENCE_NOT_INDEPENDENT,#18 source-context review; no frozen #28 change
DS003-LABEL-060,SRC-DS-003,55440170,Experience of dealing with antibiotic shortages,4,DS003-CODE-087;DS003-CODE-154;DS003-CODE-190;DS003-CODE-241,Codebook!A88:F88;Codebook!A155:F155;Codebook!A191:F191;Codebook!A242:F242,Codes\\SA;Codes\\Sweden;Codes\\UK;Codes\\US,NO_NATIVE_DEFINITION,,experience of dealing with antibiotic shortages,DS003-LEX-053,ORTHOGRAPHIC_REVIEW_ONLY_NO_SEMANTIC_MERGE,Shortage experience and mitigation,MIXED_TOPIC_REVIEW,"This family mixes experiences, stakeholders, durations, consequences and proposed/performed responses; family membership is not a class mapping.",NONE,NONE,No concept anchor proposed from this label alone.,TOPIC_DISPOSITION_ONLY,LOW_LABEL_CONTEXT_ONLY,NONE,DESIGN_EVIDENCE_NOT_INDEPENDENT,#18 source-context review; no frozen #28 change
DS003-LABEL-061,SRC-DS-003,55440170,Experience of dealing with antibiotic shortages\Generic or patented antibiotics,1,DS003-CODE-089,Codebook!A90:F90,Codes\\SA,NO_NATIVE_DEFINITION,,experience of dealing with antibiotic shortages\generic or patented antibiotics,DS003-LEX-056,ORTHOGRAPHIC_REVIEW_ONLY_NO_SEMANTIC_MERGE,Shortage experience and mitigation,MIXED_TOPIC_REVIEW,"This family mixes experiences, stakeholders, durations, consequences and proposed/performed responses; family membership is not a class mapping.",NONE,NONE,No concept anchor proposed from this label alone.,TOPIC_DISPOSITION_ONLY,LOW_LABEL_CONTEXT_ONLY,NONE,DESIGN_EVIDENCE_NOT_INDEPENDENT,#18 source-context review; no frozen #28 change
DS003-LABEL-062,SRC-DS-003,55440170,Experience of dealing with antibiotic shortages\Issues during shortages,1,DS003-CODE-091,Codebook!A92:F92,Codes\\SA,NO_NATIVE_DEFINITION,,experience of dealing with antibiotic shortages\issues during shortages,DS003-LEX-058,ORTHOGRAPHIC_REVIEW_ONLY_NO_SEMANTIC_MERGE,Shortage experience and mitigation,MIXED_TOPIC_REVIEW,"This family mixes experiences, stakeholders, durations, consequences and proposed/performed responses; family membership is not a class mapping.",NONE,NONE,No concept anchor proposed from this label alone.,TOPIC_DISPOSITION_ONLY,LOW_LABEL_CONTEXT_ONLY,NONE,DESIGN_EVIDENCE_NOT_INDEPENDENT,#18 source-context review; no frozen #28 change
DS003-LABEL-063,SRC-DS-003,55440170,Experience of dealing with antibiotic shortages\Mitigation strategies adopted,3,DS003-CODE-092;DS003-CODE-157;DS003-CODE-194,Codebook!A93:F93;Codebook!A158:F158;Codebook!A195:F195,Codes\\SA;Codes\\Sweden;Codes\\UK,NO_NATIVE_DEFINITION,,experience of dealing with antibiotic shortages\mitigation strategies adopted,DS003-LEX-059,ORTHOGRAPHIC_REVIEW_ONLY_NO_SEMANTIC_MERGE,Shortage experience and mitigation,MIXED_TOPIC_REVIEW,"This family mixes experiences, stakeholders, durations, consequences and proposed/performed responses; family membership is not a class mapping.",SR-CPT-026;SR-CPT-028,Risk Treatment Strategy;Risk Treatment Activity,Proposed/selected strategy information and performed treatment activity must be distinguished from source passages; no automatic mapping of strategy to activity.,CONDITIONAL_RELATED_REVIEW,LOW_LABEL_CONTEXT_ONLY,NONE,DESIGN_EVIDENCE_NOT_INDEPENDENT,#18 source-context review; no frozen #28 change
DS003-LABEL-064,SRC-DS-003,55440170,Experience of dealing with antibiotic shortages\Mitigation strategies adopted\Key stake holders,2,DS003-CODE-158;DS003-CODE-195,Codebook!A159:F159;Codebook!A196:F196,Codes\\Sweden;Codes\\UK,NO_NATIVE_DEFINITION,,experience of dealing with antibiotic shortages\mitigation strategies adopted\key stakeholders,DS003-LEX-061,ORTHOGRAPHIC_REVIEW_ONLY_NO_SEMANTIC_MERGE,Shortage experience and mitigation,MIXED_TOPIC_REVIEW,"This family mixes experiences, stakeholders, durations, consequences and proposed/performed responses; family membership is not a class mapping.",NONE,NONE,No concept anchor proposed from this label alone.,TOPIC_DISPOSITION_ONLY,LOW_LABEL_CONTEXT_ONLY,NONE,DESIGN_EVIDENCE_NOT_INDEPENDENT,#18 source-context review; no frozen #28 change
DS003-LABEL-065,SRC-DS-003,55440170,Experience of dealing with antibiotic shortages\Mitigation strategies adopted\Key stakeholders,2,DS003-CODE-037;DS003-CODE-093,Codebook!A38:F38;Codebook!A94:F94,Codes\\Netherlands;Codes\\SA,NO_NATIVE_DEFINITION,,experience of dealing with antibiotic shortages\mitigation strategies adopted\key stakeholders,DS003-LEX-061,ORTHOGRAPHIC_REVIEW_ONLY_NO_SEMANTIC_MERGE,Shortage experience and mitigation,MIXED_TOPIC_REVIEW,"This family mixes experiences, stakeholders, durations, consequences and proposed/performed responses; family membership is not a class mapping.",NONE,NONE,No concept anchor proposed from this label alone.,TOPIC_DISPOSITION_ONLY,LOW_LABEL_CONTEXT_ONLY,NONE,DESIGN_EVIDENCE_NOT_INDEPENDENT,#18 source-context review; no frozen #28 change
DS003-LABEL-066,SRC-DS-003,55440170,Experience of dealing with antibiotic shortages\Mitigation strategies adopted\Key stakeholders\Role of Govt,2,DS003-CODE-038;DS003-CODE-094,Codebook!A39:F39;Codebook!A95:F95,Codes\\Netherlands;Codes\\SA,NO_NATIVE_DEFINITION,,experience of dealing with antibiotic shortages\mitigation strategies adopted\key stakeholders\role of govt,DS003-LEX-062,ORTHOGRAPHIC_REVIEW_ONLY_NO_SEMANTIC_MERGE,Shortage experience and mitigation,MIXED_TOPIC_REVIEW,"This family mixes experiences, stakeholders, durations, consequences and proposed/performed responses; family membership is not a class mapping.",NONE,NONE,No concept anchor proposed from this label alone.,TOPIC_DISPOSITION_ONLY,LOW_LABEL_CONTEXT_ONLY,NONE,DESIGN_EVIDENCE_NOT_INDEPENDENT,#18 source-context review; no frozen #28 change
DS003-LABEL-067,SRC-DS-003,55440170,Experience of dealing with antibiotic shortages\Mitigation strategies adopted\Key stakeholders\Role of HCWs,2,DS003-CODE-039;DS003-CODE-095,Codebook!A40:F40;Codebook!A96:F96,Codes\\Netherlands;Codes\\SA,NO_NATIVE_DEFINITION,,experience of dealing with antibiotic shortages\mitigation strategies adopted\key stakeholders\role of hcws,DS003-LEX-063,ORTHOGRAPHIC_REVIEW_ONLY_NO_SEMANTIC_MERGE,Shortage experience and mitigation,MIXED_TOPIC_REVIEW,"This family mixes experiences, stakeholders, durations, consequences and proposed/performed responses; family membership is not a class mapping.",NONE,NONE,No concept anchor proposed from this label alone.,TOPIC_DISPOSITION_ONLY,LOW_LABEL_CONTEXT_ONLY,NONE,DESIGN_EVIDENCE_NOT_INDEPENDENT,#18 source-context review; no frozen #28 change
DS003-LABEL-068,SRC-DS-003,55440170,Experience of dealing with antibiotic shortages\Mitigation strategies adopted\Mitigation strategies in other countries,2,DS003-CODE-096;DS003-CODE-196,Codebook!A97:F97;Codebook!A197:F197,Codes\\SA;Codes\\UK,NO_NATIVE_DEFINITION,,experience of dealing with antibiotic shortages\mitigation strategies adopted\mitigation strategies in other countries,DS003-LEX-064,ORTHOGRAPHIC_REVIEW_ONLY_NO_SEMANTIC_MERGE,Shortage experience and mitigation,MIXED_TOPIC_REVIEW,"This family mixes experiences, stakeholders, durations, consequences and proposed/performed responses; family membership is not a class mapping.",NONE,NONE,No concept anchor proposed from this label alone.,TOPIC_DISPOSITION_ONLY,LOW_LABEL_CONTEXT_ONLY,NONE,DESIGN_EVIDENCE_NOT_INDEPENDENT,#18 source-context review; no frozen #28 change
DS003-LABEL-069,SRC-DS-003,55440170,Experience of dealing with antibiotic shortages\Mitigation strategies adopted\Potential strategies,3,DS003-CODE-097;DS003-CODE-159;DS003-CODE-197,Codebook!A98:F98;Codebook!A160:F160;Codebook!A198:F198,Codes\\SA;Codes\\Sweden;Codes\\UK,NO_NATIVE_DEFINITION,,experience of dealing with antibiotic shortages\mitigation strategies adopted\potential strategies,DS003-LEX-066,ORTHOGRAPHIC_REVIEW_ONLY_NO_SEMANTIC_MERGE,Shortage experience and mitigation,MIXED_TOPIC_REVIEW,"This family mixes experiences, stakeholders, durations, consequences and proposed/performed responses; family membership is not a class mapping.",SR-CPT-026;SR-CPT-028,Risk Treatment Strategy;Risk Treatment Activity,Proposed/selected strategy information and performed treatment activity must be distinguished from source passages; no automatic mapping of strategy to activity.,CONDITIONAL_RELATED_REVIEW,LOW_LABEL_CONTEXT_ONLY,NONE,DESIGN_EVIDENCE_NOT_INDEPENDENT,#18 source-context review; no frozen #28 change
DS003-LABEL-070,SRC-DS-003,55440170,Experience of dealing with antibiotic shortages\Mitigation strategies adopted\for HIV drugs,1,DS003-CODE-036,Codebook!A37:F37,Codes\\Netherlands,NO_NATIVE_DEFINITION,,experience of dealing with antibiotic shortages\mitigation strategies adopted\for hiv drugs,DS003-LEX-060,ORTHOGRAPHIC_REVIEW_ONLY_NO_SEMANTIC_MERGE,Shortage experience and mitigation,MIXED_TOPIC_REVIEW,"This family mixes experiences, stakeholders, durations, consequences and proposed/performed responses; family membership is not a class mapping.",NONE,NONE,No concept anchor proposed from this label alone.,TOPIC_DISPOSITION_ONLY,LOW_LABEL_CONTEXT_ONLY,NONE,DESIGN_EVIDENCE_NOT_INDEPENDENT,#18 source-context review; no frozen #28 change
DS003-LABEL-071,SRC-DS-003,55440170,Experience of dealing with antibiotic shortages\Mitigation strategies adopted\mitigation strategies in other countries,1,DS003-CODE-040,Codebook!A41:F41,Codes\\Netherlands,NO_NATIVE_DEFINITION,,experience of dealing with antibiotic shortages\mitigation strategies adopted\mitigation strategies in other countries,DS003-LEX-064,ORTHOGRAPHIC_REVIEW_ONLY_NO_SEMANTIC_MERGE,Shortage experience and mitigation,MIXED_TOPIC_REVIEW,"This family mixes experiences, stakeholders, durations, consequences and proposed/performed responses; family membership is not a class mapping.",NONE,NONE,No concept anchor proposed from this label alone.,TOPIC_DISPOSITION_ONLY,LOW_LABEL_CONTEXT_ONLY,NONE,DESIGN_EVIDENCE_NOT_INDEPENDENT,#18 source-context review; no frozen #28 change
DS003-LABEL-072,SRC-DS-003,55440170,Experience of dealing with antibiotic shortages\Mitigation strategies adopted\mitigation strategies in other countries\differences between HIC vs LMIC,1,DS003-CODE-041,Codebook!A42:F42,Codes\\Netherlands,NO_NATIVE_DEFINITION,,experience of dealing with antibiotic shortages\mitigation strategies adopted\mitigation strategies in other countries\differences between hic vs lmic,DS003-LEX-065,ORTHOGRAPHIC_REVIEW_ONLY_NO_SEMANTIC_MERGE,Shortage experience and mitigation,MIXED_TOPIC_REVIEW,"This family mixes experiences, stakeholders, durations, consequences and proposed/performed responses; family membership is not a class mapping.",NONE,NONE,No concept anchor proposed from this label alone.,TOPIC_DISPOSITION_ONLY,LOW_LABEL_CONTEXT_ONLY,NONE,DESIGN_EVIDENCE_NOT_INDEPENDENT,#18 source-context review; no frozen #28 change
DS003-LABEL-073,SRC-DS-003,55440170,Experience of dealing with antibiotic shortages\Mitigation strategies adopted\potential strategies,2,DS003-CODE-011;DS003-CODE-042,Codebook!A12:F12;Codebook!A43:F43,Codes\\India;Codes\\Netherlands,NO_NATIVE_DEFINITION,,experience of dealing with antibiotic shortages\mitigation strategies adopted\potential strategies,DS003-LEX-066,ORTHOGRAPHIC_REVIEW_ONLY_NO_SEMANTIC_MERGE,Shortage experience and mitigation,MIXED_TOPIC_REVIEW,"This family mixes experiences, stakeholders, durations, consequences and proposed/performed responses; family membership is not a class mapping.",SR-CPT-026;SR-CPT-028,Risk Treatment Strategy;Risk Treatment Activity,Proposed/selected strategy information and performed treatment activity must be distinguished from source passages; no automatic mapping of strategy to activity.,CONDITIONAL_RELATED_REVIEW,LOW_LABEL_CONTEXT_ONLY,NONE,DESIGN_EVIDENCE_NOT_INDEPENDENT,#18 source-context review; no frozen #28 change
DS003-LABEL-074,SRC-DS-003,55440170,Experience of dealing with antibiotic shortages\Mitigation strategies adopted\potential strategies\pharmacies bypass wholesalers,1,DS003-CODE-043,Codebook!A44:F44,Codes\\Netherlands,NO_NATIVE_DEFINITION,,experience of dealing with antibiotic shortages\mitigation strategies adopted\potential strategies\pharmacies bypass wholesalers,DS003-LEX-067,ORTHOGRAPHIC_REVIEW_ONLY_NO_SEMANTIC_MERGE,Shortage experience and mitigation,MIXED_TOPIC_REVIEW,"This family mixes experiences, stakeholders, durations, consequences and proposed/performed responses; family membership is not a class mapping.",NONE,NONE,No concept anchor proposed from this label alone.,TOPIC_DISPOSITION_ONLY,LOW_LABEL_CONTEXT_ONLY,NONE,DESIGN_EVIDENCE_NOT_INDEPENDENT,#18 source-context review; no frozen #28 change
DS003-LABEL-075,SRC-DS-003,55440170,Experience of dealing with antibiotic shortages\Mitigation strategies adopted\potential strategies\pulling resources to manage shortages,1,DS003-CODE-044,Codebook!A45:F45,Codes\\Netherlands,NO_NATIVE_DEFINITION,,experience of dealing with antibiotic shortages\mitigation strategies adopted\potential strategies\pulling resources to manage shortages,DS003-LEX-068,ORTHOGRAPHIC_REVIEW_ONLY_NO_SEMANTIC_MERGE,Shortage experience and mitigation,MIXED_TOPIC_REVIEW,"This family mixes experiences, stakeholders, durations, consequences and proposed/performed responses; family membership is not a class mapping.",NONE,NONE,No concept anchor proposed from this label alone.,TOPIC_DISPOSITION_ONLY,LOW_LABEL_CONTEXT_ONLY,NONE,DESIGN_EVIDENCE_NOT_INDEPENDENT,#18 source-context review; no frozen #28 change
DS003-LABEL-076,SRC-DS-003,55440170,Experience of dealing with antibiotic shortages\Mitigation strategies adopted\potential strategies\role of non profit entities,1,DS003-CODE-012,Codebook!A13:F13,Codes\\India,NO_NATIVE_DEFINITION,,experience of dealing with antibiotic shortages\mitigation strategies adopted\potential strategies\role of non profit entities,DS003-LEX-069,ORTHOGRAPHIC_REVIEW_ONLY_NO_SEMANTIC_MERGE,Shortage experience and mitigation,MIXED_TOPIC_REVIEW,"This family mixes experiences, stakeholders, durations, consequences and proposed/performed responses; family membership is not a class mapping.",NONE,NONE,No concept anchor proposed from this label alone.,TOPIC_DISPOSITION_ONLY,LOW_LABEL_CONTEXT_ONLY,NONE,DESIGN_EVIDENCE_NOT_INDEPENDENT,#18 source-context review; no frozen #28 change
DS003-LABEL-077,SRC-DS-003,55440170,Experience of dealing with antibiotic shortages\Success factor in dealing with shortages,1,DS003-CODE-199,Codebook!A200:F200,Codes\\UK,NO_NATIVE_DEFINITION,,experience of dealing with antibiotic shortages\success factor in dealing with shortages,DS003-LEX-071,ORTHOGRAPHIC_REVIEW_ONLY_NO_SEMANTIC_MERGE,Shortage experience and mitigation,MIXED_TOPIC_REVIEW,"This family mixes experiences, stakeholders, durations, consequences and proposed/performed responses; family membership is not a class mapping.",NONE,NONE,No concept anchor proposed from this label alone.,TOPIC_DISPOSITION_ONLY,LOW_LABEL_CONTEXT_ONLY,NONE,DESIGN_EVIDENCE_NOT_INDEPENDENT,#18 source-context review; no frozen #28 change
DS003-LABEL-078,SRC-DS-003,55440170,Experience of dealing with antibiotic shortages\Success factors in dealing with shortages,1,DS003-CODE-098,Codebook!A99:F99,Codes\\SA,NO_NATIVE_DEFINITION,,experience of dealing with antibiotic shortages\success factors in dealing with shortages,DS003-LEX-072,ORTHOGRAPHIC_REVIEW_ONLY_NO_SEMANTIC_MERGE,Shortage experience and mitigation,MIXED_TOPIC_REVIEW,"This family mixes experiences, stakeholders, durations, consequences and proposed/performed responses; family membership is not a class mapping.",NONE,NONE,No concept anchor proposed from this label alone.,TOPIC_DISPOSITION_ONLY,LOW_LABEL_CONTEXT_ONLY,NONE,DESIGN_EVIDENCE_NOT_INDEPENDENT,#18 source-context review; no frozen #28 change
DS003-LABEL-079,SRC-DS-003,55440170,Experience of dealing with antibiotic shortages\class of antibiotic and region(s) affected,4,DS003-CODE-088;DS003-CODE-155;DS003-CODE-191;DS003-CODE-242,Codebook!A89:F89;Codebook!A156:F156;Codebook!A192:F192;Codebook!A243:F243,Codes\\SA;Codes\\Sweden;Codes\\UK;Codes\\US,NO_NATIVE_DEFINITION,,experience of dealing with antibiotic shortages\class of antibiotic and region(s) affected,DS003-LEX-054,ORTHOGRAPHIC_REVIEW_ONLY_NO_SEMANTIC_MERGE,Shortage experience and mitigation,MIXED_TOPIC_REVIEW,"This family mixes experiences, stakeholders, durations, consequences and proposed/performed responses; family membership is not a class mapping.",NONE,NONE,No concept anchor proposed from this label alone.,TOPIC_DISPOSITION_ONLY,LOW_LABEL_CONTEXT_ONLY,NONE,DESIGN_EVIDENCE_NOT_INDEPENDENT,#18 source-context review; no frozen #28 change
DS003-LABEL-080,SRC-DS-003,55440170,Experience of dealing with antibiotic shortages\duration of shortage,2,DS003-CODE-192;DS003-CODE-243,Codebook!A193:F193;Codebook!A244:F244,Codes\\UK;Codes\\US,NO_NATIVE_DEFINITION,,experience of dealing with antibiotic shortages\duration of shortage,DS003-LEX-055,ORTHOGRAPHIC_REVIEW_ONLY_NO_SEMANTIC_MERGE,Shortage experience and mitigation,MIXED_TOPIC_REVIEW,"This family mixes experiences, stakeholders, durations, consequences and proposed/performed responses; family membership is not a class mapping.",SR-CPT-007,Risk Event,Duration may qualify a realized shortage event only after event/time context is identified; keep the duration value separate from the event.,CONDITIONAL_RELATED_REVIEW,LOW_LABEL_CONTEXT_ONLY,NONE,DESIGN_EVIDENCE_NOT_INDEPENDENT,#18 source-context review; no frozen #28 change
DS003-LABEL-081,SRC-DS-003,55440170,Experience of dealing with antibiotic shortages\impact of shortage,3,DS003-CODE-090;DS003-CODE-156;DS003-CODE-193,Codebook!A91:F91;Codebook!A157:F157;Codebook!A194:F194,Codes\\SA;Codes\\Sweden;Codes\\UK,NO_NATIVE_DEFINITION,,experience of dealing with antibiotic shortages\impact of shortage,DS003-LEX-057,ORTHOGRAPHIC_REVIEW_ONLY_NO_SEMANTIC_MERGE,Shortage experience and mitigation,MIXED_TOPIC_REVIEW,"This family mixes experiences, stakeholders, durations, consequences and proposed/performed responses; family membership is not a class mapping.",SR-CPT-008,Consequence,"Review a described outcome/effect against Consequence; label alone supplies no magnitude, Impact Assessment Result, or Health Harm adoption.",CONDITIONAL_RELATED_REVIEW,LOW_LABEL_CONTEXT_ONLY,NONE,DESIGN_EVIDENCE_NOT_INDEPENDENT,#18 source-context review; no frozen #28 change
DS003-LABEL-082,SRC-DS-003,55440170,Experience of dealing with antibiotic shortages\potential stakeholders to be involved,1,DS003-CODE-198,Codebook!A199:F199,Codes\\UK,NO_NATIVE_DEFINITION,,experience of dealing with antibiotic shortages\potential stakeholders to be involved,DS003-LEX-070,ORTHOGRAPHIC_REVIEW_ONLY_NO_SEMANTIC_MERGE,Shortage experience and mitigation,MIXED_TOPIC_REVIEW,"This family mixes experiences, stakeholders, durations, consequences and proposed/performed responses; family membership is not a class mapping.",NONE,NONE,No concept anchor proposed from this label alone.,TOPIC_DISPOSITION_ONLY,LOW_LABEL_CONTEXT_ONLY,NONE,DESIGN_EVIDENCE_NOT_INDEPENDENT,#18 source-context review; no frozen #28 change
DS003-LABEL-083,SRC-DS-003,55440170,Forcasting issues from different actors,1,DS003-CODE-099,Codebook!A100:F100,Codes\\SA,NO_NATIVE_DEFINITION,,forecasting issues from different actors,DS003-LEX-073,ORTHOGRAPHIC_REVIEW_ONLY_NO_SEMANTIC_MERGE,Forecasting,METHOD_OR_OBSERVATION_REVIEW,Forecasting topics do not themselves establish a Risk Assessment Method or observed result; forecast and observation stay distinct.,NONE,NONE,No concept anchor proposed from this label alone.,TOPIC_DISPOSITION_ONLY,LOW_LABEL_CONTEXT_ONLY,NONE,DESIGN_EVIDENCE_NOT_INDEPENDENT,#18 source-context review; no frozen #28 change
DS003-LABEL-084,SRC-DS-003,55440170,Forcasting issues from different actors\forecasting demand as well as shortages important,1,DS003-CODE-100,Codebook!A101:F101,Codes\\SA,NO_NATIVE_DEFINITION,,forecasting issues from different actors\forecasting demand as well as shortages important,DS003-LEX-075,ORTHOGRAPHIC_REVIEW_ONLY_NO_SEMANTIC_MERGE,Forecasting,METHOD_OR_OBSERVATION_REVIEW,Forecasting topics do not themselves establish a Risk Assessment Method or observed result; forecast and observation stay distinct.,NONE,NONE,No concept anchor proposed from this label alone.,TOPIC_DISPOSITION_ONLY,LOW_LABEL_CONTEXT_ONLY,NONE,DESIGN_EVIDENCE_NOT_INDEPENDENT,#18 source-context review; no frozen #28 change
DS003-LABEL-085,SRC-DS-003,55440170,Forecasting issues from different actors,4,DS003-CODE-101;DS003-CODE-104;DS003-CODE-160;DS003-CODE-200,Codebook!A102:F102;Codebook!A105:F105;Codebook!A161:F161;Codebook!A201:F201,Codes\\SA;Codes\\Sweden;Codes\\UK,NO_NATIVE_DEFINITION,,forecasting issues from different actors,DS003-LEX-073,ORTHOGRAPHIC_REVIEW_ONLY_NO_SEMANTIC_MERGE,Forecasting,METHOD_OR_OBSERVATION_REVIEW,Forecasting topics do not themselves establish a Risk Assessment Method or observed result; forecast and observation stay distinct.,NONE,NONE,No concept anchor proposed from this label alone.,TOPIC_DISPOSITION_ONLY,LOW_LABEL_CONTEXT_ONLY,NONE,DESIGN_EVIDENCE_NOT_INDEPENDENT,#18 source-context review; no frozen #28 change
DS003-LABEL-086,SRC-DS-003,55440170,Forecasting issues from different actors\Forecasting demand as well as shortages importance,1,DS003-CODE-102,Codebook!A103:F103,Codes\\SA,NO_NATIVE_DEFINITION,,forecasting issues from different actors\forecasting demand as well as shortages importance,DS003-LEX-074,ORTHOGRAPHIC_REVIEW_ONLY_NO_SEMANTIC_MERGE,Forecasting,METHOD_OR_OBSERVATION_REVIEW,Forecasting topics do not themselves establish a Risk Assessment Method or observed result; forecast and observation stay distinct.,NONE,NONE,No concept anchor proposed from this label alone.,TOPIC_DISPOSITION_ONLY,LOW_LABEL_CONTEXT_ONLY,NONE,DESIGN_EVIDENCE_NOT_INDEPENDENT,#18 source-context review; no frozen #28 change
DS003-LABEL-087,SRC-DS-003,55440170,Forecasting issues from different actors\Forecasting demand as well as shortages important,4,DS003-CODE-105;DS003-CODE-161;DS003-CODE-201;DS003-CODE-244,Codebook!A106:F106;Codebook!A162:F162;Codebook!A202:F202;Codebook!A245:F245,Codes\\SA;Codes\\Sweden;Codes\\UK;Codes\\US,NO_NATIVE_DEFINITION,,forecasting issues from different actors\forecasting demand as well as shortages important,DS003-LEX-075,ORTHOGRAPHIC_REVIEW_ONLY_NO_SEMANTIC_MERGE,Forecasting,METHOD_OR_OBSERVATION_REVIEW,Forecasting topics do not themselves establish a Risk Assessment Method or observed result; forecast and observation stay distinct.,NONE,NONE,No concept anchor proposed from this label alone.,TOPIC_DISPOSITION_ONLY,LOW_LABEL_CONTEXT_ONLY,NONE,DESIGN_EVIDENCE_NOT_INDEPENDENT,#18 source-context review; no frozen #28 change
DS003-LABEL-088,SRC-DS-003,55440170,Forecasting issues from different actors\Resources needed for forecasting and data gathering,4,DS003-CODE-103;DS003-CODE-106;DS003-CODE-202;DS003-CODE-245,Codebook!A104:F104;Codebook!A107:F107;Codebook!A203:F203;Codebook!A246:F246,Codes\\SA;Codes\\UK;Codes\\US,NO_NATIVE_DEFINITION,,forecasting issues from different actors\resources needed for forecasting and data gathering,DS003-LEX-076,ORTHOGRAPHIC_REVIEW_ONLY_NO_SEMANTIC_MERGE,Forecasting,METHOD_OR_OBSERVATION_REVIEW,Forecasting topics do not themselves establish a Risk Assessment Method or observed result; forecast and observation stay distinct.,NONE,NONE,No concept anchor proposed from this label alone.,TOPIC_DISPOSITION_ONLY,LOW_LABEL_CONTEXT_ONLY,NONE,DESIGN_EVIDENCE_NOT_INDEPENDENT,#18 source-context review; no frozen #28 change
DS003-LABEL-089,SRC-DS-003,55440170,Forecasting issues from different actors\Shortages and forecasting for them driven by infectious disease outbreaks  and epidemiological,2,DS003-CODE-203;DS003-CODE-246,Codebook!A204:F204;Codebook!A247:F247,Codes\\UK;Codes\\US,NO_NATIVE_DEFINITION,,forecasting issues from different actors\shortages and forecasting for them driven by infectious disease outbreaks and epidemiological,DS003-LEX-077,ORTHOGRAPHIC_REVIEW_ONLY_NO_SEMANTIC_MERGE,Forecasting,METHOD_OR_OBSERVATION_REVIEW,Forecasting topics do not themselves establish a Risk Assessment Method or observed result; forecast and observation stay distinct.,NONE,NONE,No concept anchor proposed from this label alone.,TOPIC_DISPOSITION_ONLY,LOW_LABEL_CONTEXT_ONLY,NONE,DESIGN_EVIDENCE_NOT_INDEPENDENT,#18 source-context review; no frozen #28 change
DS003-LABEL-090,SRC-DS-003,55440170,Forecasting issues from different actors\Shortages and forecasting for them driven by infectious disease outbreaks and epidemiological profile of pathogens by country and region,1,DS003-CODE-107,Codebook!A108:F108,Codes\\SA,NO_NATIVE_DEFINITION,,forecasting issues from different actors\shortages and forecasting for them driven by infectious disease outbreaks and epidemiological profile of pathogens by country and region,DS003-LEX-078,ORTHOGRAPHIC_REVIEW_ONLY_NO_SEMANTIC_MERGE,Forecasting,METHOD_OR_OBSERVATION_REVIEW,Forecasting topics do not themselves establish a Risk Assessment Method or observed result; forecast and observation stay distinct.,NONE,NONE,No concept anchor proposed from this label alone.,TOPIC_DISPOSITION_ONLY,LOW_LABEL_CONTEXT_ONLY,NONE,DESIGN_EVIDENCE_NOT_INDEPENDENT,#18 source-context review; no frozen #28 change
DS003-LABEL-091,SRC-DS-003,55440170,Govts in LMICs where manufacturing happens,2,DS003-CODE-013;DS003-CODE-045,Codebook!A14:F14;Codebook!A46:F46,Codes\\India;Codes\\Netherlands,NO_NATIVE_DEFINITION,,govts in lmics where manufacturing happens,DS003-LEX-079,ORTHOGRAPHIC_REVIEW_ONLY_NO_SEMANTIC_MERGE,Government manufacturing role,EXTERNAL_ACTOR_OR_ROLE_REVIEW,A government actor/role does not imply an accountable Risk Owner or a concrete Risk Responsibility assignment.,NONE,NONE,No concept anchor proposed from this label alone.,TOPIC_DISPOSITION_ONLY,LOW_LABEL_CONTEXT_ONLY,NONE,DESIGN_EVIDENCE_NOT_INDEPENDENT,#18 source-context review; no frozen #28 change
DS003-LABEL-092,SRC-DS-003,55440170,Govts in LMICs where manufacturing happens\Lesser role by govt,1,DS003-CODE-014,Codebook!A15:F15,Codes\\India,NO_NATIVE_DEFINITION,,govts in lmics where manufacturing happens\lesser role by govt,DS003-LEX-080,ORTHOGRAPHIC_REVIEW_ONLY_NO_SEMANTIC_MERGE,Government manufacturing role,EXTERNAL_ACTOR_OR_ROLE_REVIEW,A government actor/role does not imply an accountable Risk Owner or a concrete Risk Responsibility assignment.,NONE,NONE,No concept anchor proposed from this label alone.,TOPIC_DISPOSITION_ONLY,LOW_LABEL_CONTEXT_ONLY,NONE,DESIGN_EVIDENCE_NOT_INDEPENDENT,#18 source-context review; no frozen #28 change
DS003-LABEL-093,SRC-DS-003,55440170,Govts in LMICs where manufacturing happens\Potential role,1,DS003-CODE-015,Codebook!A16:F16,Codes\\India,NO_NATIVE_DEFINITION,,govts in lmics where manufacturing happens\potential role,DS003-LEX-081,ORTHOGRAPHIC_REVIEW_ONLY_NO_SEMANTIC_MERGE,Government manufacturing role,EXTERNAL_ACTOR_OR_ROLE_REVIEW,A government actor/role does not imply an accountable Risk Owner or a concrete Risk Responsibility assignment.,NONE,NONE,No concept anchor proposed from this label alone.,TOPIC_DISPOSITION_ONLY,LOW_LABEL_CONTEXT_ONLY,NONE,DESIGN_EVIDENCE_NOT_INDEPENDENT,#18 source-context review; no frozen #28 change
DS003-LABEL-094,SRC-DS-003,55440170,Govts in LMICs where manufacturing happens\Role of Govt in other countries,1,DS003-CODE-016,Codebook!A17:F17,Codes\\India,NO_NATIVE_DEFINITION,,govts in lmics where manufacturing happens\role of govt in other countries,DS003-LEX-082,ORTHOGRAPHIC_REVIEW_ONLY_NO_SEMANTIC_MERGE,Government manufacturing role,EXTERNAL_ACTOR_OR_ROLE_REVIEW,A government actor/role does not imply an accountable Risk Owner or a concrete Risk Responsibility assignment.,NONE,NONE,No concept anchor proposed from this label alone.,TOPIC_DISPOSITION_ONLY,LOW_LABEL_CONTEXT_ONLY,NONE,DESIGN_EVIDENCE_NOT_INDEPENDENT,#18 source-context review; no frozen #28 change
DS003-LABEL-095,SRC-DS-003,55440170,Impact of shortages on AMR,3,DS003-CODE-108;DS003-CODE-204;DS003-CODE-247,Codebook!A109:F109;Codebook!A205:F205;Codebook!A248:F248,Codes\\SA;Codes\\UK;Codes\\US,NO_NATIVE_DEFINITION,,impact of shortages on amr,DS003-LEX-083,ORTHOGRAPHIC_REVIEW_ONLY_NO_SEMANTIC_MERGE,Antimicrobial resistance impact,CONSEQUENCE_REVIEW,Reported shortage/AMR relationship needs evidence and direction review; no medical causal claim is adopted.,SR-CPT-008,Consequence,"Review a described outcome/effect against Consequence; label alone supplies no magnitude, Impact Assessment Result, or Health Harm adoption.",CONDITIONAL_RELATED_REVIEW,LOW_LABEL_CONTEXT_ONLY,NONE,DESIGN_EVIDENCE_NOT_INDEPENDENT,#18 source-context review; no frozen #28 change
DS003-LABEL-096,SRC-DS-003,55440170,Initiatives at goverment level,3,DS003-CODE-109;DS003-CODE-162;DS003-CODE-206,Codebook!A110:F110;Codebook!A163:F163;Codebook!A207:F207,Codes\\SA;Codes\\Sweden;Codes\\UK,NO_NATIVE_DEFINITION,,initiatives at government level,DS003-LEX-085,ORTHOGRAPHIC_REVIEW_ONLY_NO_SEMANTIC_MERGE,Policy and political context,GOVERNANCE_CONTEXT,"Policy/legal/infrastructure topics are not automatically Risk Appetite, Tolerance or Criteria.",NONE,NONE,No concept anchor proposed from this label alone.,TOPIC_DISPOSITION_ONLY,LOW_LABEL_CONTEXT_ONLY,NONE,DESIGN_EVIDENCE_NOT_INDEPENDENT,#18 source-context review; no frozen #28 change
DS003-LABEL-097,SRC-DS-003,55440170,Lack of data,1,DS003-CODE-207,Codebook!A208:F208,Codes\\UK,NO_NATIVE_DEFINITION,,lack of data,DS003-LEX-086,ORTHOGRAPHIC_REVIEW_ONLY_NO_SEMANTIC_MERGE,Data research and technology,EVIDENCE_INFRASTRUCTURE_CONTEXT,A lack of data or a need for research is not an Evidence Item or an Observation Result; distinguish infrastructure from its outputs.,NONE,NONE,No concept anchor proposed from this label alone.,TOPIC_DISPOSITION_ONLY,LOW_LABEL_CONTEXT_ONLY,NONE,DESIGN_EVIDENCE_NOT_INDEPENDENT,#18 source-context review; no frozen #28 change
DS003-LABEL-098,SRC-DS-003,55440170,Lack of data on this problem,4,DS003-CODE-111;DS003-CODE-163;DS003-CODE-208;DS003-CODE-248,Codebook!A112:F112;Codebook!A164:F164;Codebook!A209:F209;Codebook!A249:F249,Codes\\SA;Codes\\Sweden;Codes\\UK;Codes\\US,NO_NATIVE_DEFINITION,,lack of data on this problem,DS003-LEX-087,ORTHOGRAPHIC_REVIEW_ONLY_NO_SEMANTIC_MERGE,Data research and technology,EVIDENCE_INFRASTRUCTURE_CONTEXT,A lack of data or a need for research is not an Evidence Item or an Observation Result; distinguish infrastructure from its outputs.,NONE,NONE,No concept anchor proposed from this label alone.,TOPIC_DISPOSITION_ONLY,LOW_LABEL_CONTEXT_ONLY,NONE,DESIGN_EVIDENCE_NOT_INDEPENDENT,#18 source-context review; no frozen #28 change
DS003-LABEL-099,SRC-DS-003,55440170,Lack of data on this problem\Lack of community data and infrastructure,1,DS003-CODE-112,Codebook!A113:F113,Codes\\SA,NO_NATIVE_DEFINITION,,lack of data on this problem\lack of community data and infrastructure,DS003-LEX-088,ORTHOGRAPHIC_REVIEW_ONLY_NO_SEMANTIC_MERGE,Data research and technology,EVIDENCE_INFRASTRUCTURE_CONTEXT,A lack of data or a need for research is not an Evidence Item or an Observation Result; distinguish infrastructure from its outputs.,NONE,NONE,No concept anchor proposed from this label alone.,TOPIC_DISPOSITION_ONLY,LOW_LABEL_CONTEXT_ONLY,NONE,DESIGN_EVIDENCE_NOT_INDEPENDENT,#18 source-context review; no frozen #28 change
DS003-LABEL-100,SRC-DS-003,55440170,Lack of data on this problem\The importance of technology to carry out surveillance,2,DS003-CODE-113;DS003-CODE-164,Codebook!A114:F114;Codebook!A165:F165,Codes\\SA;Codes\\Sweden,NO_NATIVE_DEFINITION,,lack of data on this problem\the importance of technology to carry out surveillance,DS003-LEX-089,ORTHOGRAPHIC_REVIEW_ONLY_NO_SEMANTIC_MERGE,Data research and technology,EVIDENCE_INFRASTRUCTURE_CONTEXT,A lack of data or a need for research is not an Evidence Item or an Observation Result; distinguish infrastructure from its outputs.,SR-CPT-022;SR-CPT-023,Observation Activity;Observation Result,Surveillance infrastructure may enable observation activities/results; the technology heading is neither the activity nor its result.,CONDITIONAL_RELATED_REVIEW,LOW_LABEL_CONTEXT_ONLY,NONE,DESIGN_EVIDENCE_NOT_INDEPENDENT,#18 source-context review; no frozen #28 change
DS003-LABEL-101,SRC-DS-003,55440170,Managing stockouts,1,DS003-CODE-047,Codebook!A48:F48,Codes\\Netherlands,NO_NATIVE_DEFINITION,,managing stockouts,DS003-LEX-090,ORTHOGRAPHIC_REVIEW_ONLY_NO_SEMANTIC_MERGE,Shortage management,ACTIVITY_OR_STRATEGY_REVIEW,"Distinguish performed activity, selected strategy, plan and persistent control using source passages.",NONE,NONE,No concept anchor proposed from this label alone.,TOPIC_DISPOSITION_ONLY,LOW_LABEL_CONTEXT_ONLY,NONE,DESIGN_EVIDENCE_NOT_INDEPENDENT,#18 source-context review; no frozen #28 change
DS003-LABEL-102,SRC-DS-003,55440170,Neccessity of having research,1,DS003-CODE-209,Codebook!A210:F210,Codes\\UK,NO_NATIVE_DEFINITION,,necessity of having research,DS003-LEX-091,ORTHOGRAPHIC_REVIEW_ONLY_NO_SEMANTIC_MERGE,Data research and technology,EVIDENCE_INFRASTRUCTURE_CONTEXT,A lack of data or a need for research is not an Evidence Item or an Observation Result; distinguish infrastructure from its outputs.,NONE,NONE,No concept anchor proposed from this label alone.,TOPIC_DISPOSITION_ONLY,LOW_LABEL_CONTEXT_ONLY,NONE,DESIGN_EVIDENCE_NOT_INDEPENDENT,#18 source-context review; no frozen #28 change
DS003-LABEL-103,SRC-DS-003,55440170,Others,2,DS003-CODE-048;DS003-CODE-114,Codebook!A49:F49;Codebook!A115:F115,Codes\\Netherlands;Codes\\SA,NO_NATIVE_DEFINITION,,others,DS003-LEX-092,ORTHOGRAPHIC_REVIEW_ONLY_NO_SEMANTIC_MERGE,Other,UNMAPPED_AMBIGUOUS,The residual code Others has no stable semantic interpretation without its passages; do not force a mapping.,NONE,NONE,No concept anchor proposed from this label alone.,TOPIC_DISPOSITION_ONLY,LOW_LABEL_CONTEXT_ONLY,NONE,DESIGN_EVIDENCE_NOT_INDEPENDENT,#18 source-context review; no frozen #28 change
DS003-LABEL-104,SRC-DS-003,55440170,Pharmacist integral to mitigation stategies - both in community and hospital,1,DS003-CODE-115,Codebook!A116:F116,Codes\\SA,NO_NATIVE_DEFINITION,,pharmacist integral to mitigation strategies - both in community and hospital,DS003-LEX-093,ORTHOGRAPHIC_REVIEW_ONLY_NO_SEMANTIC_MERGE,Stakeholder mitigation roles,EXTERNAL_ACTOR_OR_ROLE_REVIEW,Profession/organization participation does not establish SemRisk ownership or accountability.,NONE,NONE,No concept anchor proposed from this label alone.,TOPIC_DISPOSITION_ONLY,LOW_LABEL_CONTEXT_ONLY,NONE,DESIGN_EVIDENCE_NOT_INDEPENDENT,#18 source-context review; no frozen #28 change
DS003-LABEL-105,SRC-DS-003,55440170,Pharmacist integral to mitigation stategies-both in community and hospital,2,DS003-CODE-116;DS003-CODE-210,Codebook!A117:F117;Codebook!A211:F211,Codes\\SA;Codes\\UK,NO_NATIVE_DEFINITION,,pharmacist integral to mitigation strategies - both in community and hospital,DS003-LEX-093,ORTHOGRAPHIC_REVIEW_ONLY_NO_SEMANTIC_MERGE,Stakeholder mitigation roles,EXTERNAL_ACTOR_OR_ROLE_REVIEW,Profession/organization participation does not establish SemRisk ownership or accountability.,NONE,NONE,No concept anchor proposed from this label alone.,TOPIC_DISPOSITION_ONLY,LOW_LABEL_CONTEXT_ONLY,NONE,DESIGN_EVIDENCE_NOT_INDEPENDENT,#18 source-context review; no frozen #28 change
DS003-LABEL-106,SRC-DS-003,55440170,Political factors,2,DS003-CODE-117;DS003-CODE-211,Codebook!A118:F118;Codebook!A212:F212,Codes\\SA;Codes\\UK,NO_NATIVE_DEFINITION,,political factors,DS003-LEX-094,ORTHOGRAPHIC_REVIEW_ONLY_NO_SEMANTIC_MERGE,Policy and political context,GOVERNANCE_CONTEXT,"Policy/legal/infrastructure topics are not automatically Risk Appetite, Tolerance or Criteria.",NONE,NONE,No concept anchor proposed from this label alone.,TOPIC_DISPOSITION_ONLY,LOW_LABEL_CONTEXT_ONLY,NONE,DESIGN_EVIDENCE_NOT_INDEPENDENT,#18 source-context review; no frozen #28 change
DS003-LABEL-107,SRC-DS-003,55440170,Political factors\Government policy change,1,DS003-CODE-118,Codebook!A119:F119,Codes\\SA,NO_NATIVE_DEFINITION,,political factors\government policy change,DS003-LEX-095,ORTHOGRAPHIC_REVIEW_ONLY_NO_SEMANTIC_MERGE,Policy and political context,GOVERNANCE_CONTEXT,"Policy/legal/infrastructure topics are not automatically Risk Appetite, Tolerance or Criteria.",NONE,NONE,No concept anchor proposed from this label alone.,TOPIC_DISPOSITION_ONLY,LOW_LABEL_CONTEXT_ONLY,NONE,DESIGN_EVIDENCE_NOT_INDEPENDENT,#18 source-context review; no frozen #28 change
DS003-LABEL-108,SRC-DS-003,55440170,Political factors\Government role in responding to shortages,3,DS003-CODE-119;DS003-CODE-165;DS003-CODE-212,Codebook!A120:F120;Codebook!A166:F166;Codebook!A213:F213,Codes\\SA;Codes\\Sweden;Codes\\UK,NO_NATIVE_DEFINITION,,political factors\government role in responding to shortages,DS003-LEX-096,ORTHOGRAPHIC_REVIEW_ONLY_NO_SEMANTIC_MERGE,Policy and political context,GOVERNANCE_CONTEXT,"Policy/legal/infrastructure topics are not automatically Risk Appetite, Tolerance or Criteria.",NONE,NONE,No concept anchor proposed from this label alone.,TOPIC_DISPOSITION_ONLY,LOW_LABEL_CONTEXT_ONLY,NONE,DESIGN_EVIDENCE_NOT_INDEPENDENT,#18 source-context review; no frozen #28 change
DS003-LABEL-109,SRC-DS-003,55440170,"Political factors\Investment in national, regional infrastructure to deal with shortages",2,DS003-CODE-120;DS003-CODE-213,Codebook!A121:F121;Codebook!A214:F214,Codes\\SA;Codes\\UK,NO_NATIVE_DEFINITION,,"political factors\investment in national, regional infrastructure to deal with shortages",DS003-LEX-097,ORTHOGRAPHIC_REVIEW_ONLY_NO_SEMANTIC_MERGE,Policy and political context,GOVERNANCE_CONTEXT,"Policy/legal/infrastructure topics are not automatically Risk Appetite, Tolerance or Criteria.",NONE,NONE,No concept anchor proposed from this label alone.,TOPIC_DISPOSITION_ONLY,LOW_LABEL_CONTEXT_ONLY,NONE,DESIGN_EVIDENCE_NOT_INDEPENDENT,#18 source-context review; no frozen #28 change
DS003-LABEL-110,SRC-DS-003,55440170,Political factors\Legal factors and implications,1,DS003-CODE-121,Codebook!A122:F122,Codes\\SA,NO_NATIVE_DEFINITION,,political factors\legal factors and implications,DS003-LEX-098,ORTHOGRAPHIC_REVIEW_ONLY_NO_SEMANTIC_MERGE,Policy and political context,GOVERNANCE_CONTEXT,"Policy/legal/infrastructure topics are not automatically Risk Appetite, Tolerance or Criteria.",NONE,NONE,No concept anchor proposed from this label alone.,TOPIC_DISPOSITION_ONLY,LOW_LABEL_CONTEXT_ONLY,NONE,DESIGN_EVIDENCE_NOT_INDEPENDENT,#18 source-context review; no frozen #28 change
DS003-LABEL-111,SRC-DS-003,55440170,Political factors\Political influence causing shortages,1,DS003-CODE-122,Codebook!A123:F123,Codes\\SA,NO_NATIVE_DEFINITION,,political factors\political influence causing shortages,DS003-LEX-099,ORTHOGRAPHIC_REVIEW_ONLY_NO_SEMANTIC_MERGE,Policy and political context,GOVERNANCE_CONTEXT,"Policy/legal/infrastructure topics are not automatically Risk Appetite, Tolerance or Criteria.",SR-CPT-003;SR-CPT-004,Risk Source;Predisposing Condition,Driver labels support source/condition review only; do not infer causation or intrinsic Vulnerability from a contextual heading.,CONDITIONAL_RELATED_REVIEW,LOW_LABEL_CONTEXT_ONLY,NONE,DESIGN_EVIDENCE_NOT_INDEPENDENT,#18 source-context review; no frozen #28 change
DS003-LABEL-112,SRC-DS-003,55440170,Political or policy level factors,2,DS003-CODE-017;DS003-CODE-049,Codebook!A18:F18;Codebook!A50:F50,Codes\\India;Codes\\Netherlands,NO_NATIVE_DEFINITION,,political or policy level factors,DS003-LEX-100,ORTHOGRAPHIC_REVIEW_ONLY_NO_SEMANTIC_MERGE,Policy and political context,GOVERNANCE_CONTEXT,"Policy/legal/infrastructure topics are not automatically Risk Appetite, Tolerance or Criteria.",NONE,NONE,No concept anchor proposed from this label alone.,TOPIC_DISPOSITION_ONLY,LOW_LABEL_CONTEXT_ONLY,NONE,DESIGN_EVIDENCE_NOT_INDEPENDENT,#18 source-context review; no frozen #28 change
DS003-LABEL-113,SRC-DS-003,55440170,Pull Incentives,1,DS003-CODE-166,Codebook!A167:F167,Codes\\Sweden,NO_NATIVE_DEFINITION,,pull incentives,DS003-LEX-104,ORTHOGRAPHIC_REVIEW_ONLY_NO_SEMANTIC_MERGE,Economic incentives,ACTIVITY_OR_STRATEGY_REVIEW,Pull incentives may denote financing arrangements or interventions; no selected strategy or implemented control is asserted.,NONE,NONE,No concept anchor proposed from this label alone.,TOPIC_DISPOSITION_ONLY,LOW_LABEL_CONTEXT_ONLY,NONE,DESIGN_EVIDENCE_NOT_INDEPENDENT,#18 source-context review; no frozen #28 change
DS003-LABEL-114,SRC-DS-003,55440170,Role of international organisations in shortages management,2,DS003-CODE-050;DS003-CODE-123,Codebook!A51:F51;Codebook!A124:F124,Codes\\Netherlands;Codes\\SA,NO_NATIVE_DEFINITION,,role of international organisations in shortages management,DS003-LEX-105,ORTHOGRAPHIC_REVIEW_ONLY_NO_SEMANTIC_MERGE,Stakeholder mitigation roles,EXTERNAL_ACTOR_OR_ROLE_REVIEW,Profession/organization participation does not establish SemRisk ownership or accountability.,NONE,NONE,No concept anchor proposed from this label alone.,TOPIC_DISPOSITION_ONLY,LOW_LABEL_CONTEXT_ONLY,NONE,DESIGN_EVIDENCE_NOT_INDEPENDENT,#18 source-context review; no frozen #28 change
DS003-LABEL-115,SRC-DS-003,55440170,Role of pharmaceutical industry,3,DS003-CODE-018;DS003-CODE-124;DS003-CODE-217,Codebook!A19:F19;Codebook!A125:F125;Codebook!A218:F218,Codes\\India;Codes\\SA;Codes\\UK,NO_NATIVE_DEFINITION,,role of pharmaceutical industry,DS003-LEX-106,ORTHOGRAPHIC_REVIEW_ONLY_NO_SEMANTIC_MERGE,Pharmaceutical industry,EXTERNAL_ACTOR_PROCESS_CONTEXT,"Industry role, manufacturing, supply transparency and alerting require different external entity/process/evidence semantics.",NONE,NONE,No concept anchor proposed from this label alone.,TOPIC_DISPOSITION_ONLY,LOW_LABEL_CONTEXT_ONLY,NONE,DESIGN_EVIDENCE_NOT_INDEPENDENT,#18 source-context review; no frozen #28 change
DS003-LABEL-116,SRC-DS-003,55440170,Role of pharmaceutical industry\Alerting,1,DS003-CODE-218,Codebook!A219:F219,Codes\\UK,NO_NATIVE_DEFINITION,,role of pharmaceutical industry\alerting,DS003-LEX-107,ORTHOGRAPHIC_REVIEW_ONLY_NO_SEMANTIC_MERGE,Pharmaceutical industry,EXTERNAL_ACTOR_PROCESS_CONTEXT,"Industry role, manufacturing, supply transparency and alerting require different external entity/process/evidence semantics.",NONE,NONE,No concept anchor proposed from this label alone.,TOPIC_DISPOSITION_ONLY,LOW_LABEL_CONTEXT_ONLY,NONE,DESIGN_EVIDENCE_NOT_INDEPENDENT,#18 source-context review; no frozen #28 change
DS003-LABEL-117,SRC-DS-003,55440170,Role of pharmaceutical industry\Monopolisation of API and raw material manufacturing and supply,3,DS003-CODE-126;DS003-CODE-167;DS003-CODE-219,Codebook!A127:F127;Codebook!A168:F168;Codebook!A220:F220,Codes\\SA;Codes\\Sweden;Codes\\UK,NO_NATIVE_DEFINITION,,role of pharmaceutical industry\monopolisation of api and raw material manufacturing and supply,DS003-LEX-110,ORTHOGRAPHIC_REVIEW_ONLY_NO_SEMANTIC_MERGE,Pharmaceutical industry,EXTERNAL_ACTOR_PROCESS_CONTEXT,"Industry role, manufacturing, supply transparency and alerting require different external entity/process/evidence semantics.",SR-CPT-003;SR-CPT-004;SR-CPT-040,Risk Source;Predisposing Condition;Active Pharmaceutical Ingredient,"Manufacturing concentration is a source/condition candidate; API is a mentioned external entity with an unresolved external owner bridge, not the meaning of the entire code.",CONDITIONAL_RELATED_REVIEW,LOW_LABEL_CONTEXT_ONLY,NONE,DESIGN_EVIDENCE_NOT_INDEPENDENT,#18 source-context review; no frozen #28 change
DS003-LABEL-118,SRC-DS-003,55440170,Role of pharmaceutical industry\Monopolisation of API and raw material manufature and supply,1,DS003-CODE-127,Codebook!A128:F128,Codes\\SA,NO_NATIVE_DEFINITION,,role of pharmaceutical industry\monopolisation of api and raw material manufacturing and supply,DS003-LEX-110,ORTHOGRAPHIC_REVIEW_ONLY_NO_SEMANTIC_MERGE,Pharmaceutical industry,EXTERNAL_ACTOR_PROCESS_CONTEXT,"Industry role, manufacturing, supply transparency and alerting require different external entity/process/evidence semantics.",SR-CPT-003;SR-CPT-004;SR-CPT-040,Risk Source;Predisposing Condition;Active Pharmaceutical Ingredient,"Manufacturing concentration is a source/condition candidate; API is a mentioned external entity with an unresolved external owner bridge, not the meaning of the entire code.",CONDITIONAL_RELATED_REVIEW,LOW_LABEL_CONTEXT_ONLY,NONE,DESIGN_EVIDENCE_NOT_INDEPENDENT,#18 source-context review; no frozen #28 change
DS003-LABEL-119,SRC-DS-003,55440170,Role of pharmaceutical industry\Need for effective communication and leverage with pharma,4,DS003-CODE-128;DS003-CODE-168;DS003-CODE-220;DS003-CODE-249,Codebook!A129:F129;Codebook!A169:F169;Codebook!A221:F221;Codebook!A250:F250,Codes\\SA;Codes\\Sweden;Codes\\UK;Codes\\US,NO_NATIVE_DEFINITION,,role of pharmaceutical industry\need for effective communication and leverage with pharma,DS003-LEX-111,ORTHOGRAPHIC_REVIEW_ONLY_NO_SEMANTIC_MERGE,Pharmaceutical industry,EXTERNAL_ACTOR_PROCESS_CONTEXT,"Industry role, manufacturing, supply transparency and alerting require different external entity/process/evidence semantics.",NONE,NONE,No concept anchor proposed from this label alone.,TOPIC_DISPOSITION_ONLY,LOW_LABEL_CONTEXT_ONLY,NONE,DESIGN_EVIDENCE_NOT_INDEPENDENT,#18 source-context review; no frozen #28 change
DS003-LABEL-120,SRC-DS-003,55440170,Role of pharmaceutical industry\Online sales of antibiotics,1,DS003-CODE-020,Codebook!A21:F21,Codes\\India,NO_NATIVE_DEFINITION,,role of pharmaceutical industry\online sales of antibiotics,DS003-LEX-112,ORTHOGRAPHIC_REVIEW_ONLY_NO_SEMANTIC_MERGE,Pharmaceutical industry,EXTERNAL_ACTOR_PROCESS_CONTEXT,"Industry role, manufacturing, supply transparency and alerting require different external entity/process/evidence semantics.",NONE,NONE,No concept anchor proposed from this label alone.,TOPIC_DISPOSITION_ONLY,LOW_LABEL_CONTEXT_ONLY,NONE,DESIGN_EVIDENCE_NOT_INDEPENDENT,#18 source-context review; no frozen #28 change
DS003-LABEL-121,SRC-DS-003,55440170,Role of pharmaceutical industry\Relationship between hospital and companies,1,DS003-CODE-129,Codebook!A130:F130,Codes\\SA,NO_NATIVE_DEFINITION,,role of pharmaceutical industry\relationship between hospital and companies,DS003-LEX-113,ORTHOGRAPHIC_REVIEW_ONLY_NO_SEMANTIC_MERGE,Pharmaceutical industry,EXTERNAL_ACTOR_PROCESS_CONTEXT,"Industry role, manufacturing, supply transparency and alerting require different external entity/process/evidence semantics.",NONE,NONE,No concept anchor proposed from this label alone.,TOPIC_DISPOSITION_ONLY,LOW_LABEL_CONTEXT_ONLY,NONE,DESIGN_EVIDENCE_NOT_INDEPENDENT,#18 source-context review; no frozen #28 change
DS003-LABEL-122,SRC-DS-003,55440170,"Role of pharmaceutical industry\Transparency of supply chain - stakeholders, steps, sites, API, VOLUMES and capacity not transparent",1,DS003-CODE-130,Codebook!A131:F131,Codes\\SA,NO_NATIVE_DEFINITION,,"role of pharmaceutical industry\transparency of supply chain - stakeholders, steps, sites, api, volumes and capacity not transparent",DS003-LEX-115,ORTHOGRAPHIC_REVIEW_ONLY_NO_SEMANTIC_MERGE,Pharmaceutical industry,EXTERNAL_ACTOR_PROCESS_CONTEXT,"Industry role, manufacturing, supply transparency and alerting require different external entity/process/evidence semantics.",NONE,NONE,No concept anchor proposed from this label alone.,TOPIC_DISPOSITION_ONLY,LOW_LABEL_CONTEXT_ONLY,NONE,DESIGN_EVIDENCE_NOT_INDEPENDENT,#18 source-context review; no frozen #28 change
DS003-LABEL-123,SRC-DS-003,55440170,"Role of pharmaceutical industry\Transparency of supply chain-stakeholders, steps, sites, API, volume and capacity",4,DS003-CODE-131;DS003-CODE-169;DS003-CODE-221;DS003-CODE-250,Codebook!A132:F132;Codebook!A170:F170;Codebook!A222:F222;Codebook!A251:F251,Codes\\SA;Codes\\Sweden;Codes\\UK;Codes\\US,NO_NATIVE_DEFINITION,,"role of pharmaceutical industry\transparency of supply chain - stakeholders, steps, sites, api, volume and capacity",DS003-LEX-114,ORTHOGRAPHIC_REVIEW_ONLY_NO_SEMANTIC_MERGE,Pharmaceutical industry,EXTERNAL_ACTOR_PROCESS_CONTEXT,"Industry role, manufacturing, supply transparency and alerting require different external entity/process/evidence semantics.",NONE,NONE,No concept anchor proposed from this label alone.,TOPIC_DISPOSITION_ONLY,LOW_LABEL_CONTEXT_ONLY,NONE,DESIGN_EVIDENCE_NOT_INDEPENDENT,#18 source-context review; no frozen #28 change
DS003-LABEL-124,SRC-DS-003,55440170,Role of pharmaceutical industry\forecasting shortages,2,DS003-CODE-019;DS003-CODE-125,Codebook!A20:F20;Codebook!A126:F126,Codes\\India;Codes\\SA,NO_NATIVE_DEFINITION,,role of pharmaceutical industry\forecasting shortages,DS003-LEX-108,ORTHOGRAPHIC_REVIEW_ONLY_NO_SEMANTIC_MERGE,Pharmaceutical industry,EXTERNAL_ACTOR_PROCESS_CONTEXT,"Industry role, manufacturing, supply transparency and alerting require different external entity/process/evidence semantics.",NONE,NONE,No concept anchor proposed from this label alone.,TOPIC_DISPOSITION_ONLY,LOW_LABEL_CONTEXT_ONLY,NONE,DESIGN_EVIDENCE_NOT_INDEPENDENT,#18 source-context review; no frozen #28 change
DS003-LABEL-125,SRC-DS-003,55440170,Role of pharmaceutical industry\issues around generics,1,DS003-CODE-051,Codebook!A52:F52,Codes\\Netherlands,NO_NATIVE_DEFINITION,,role of pharmaceutical industry\issues around generics,DS003-LEX-109,ORTHOGRAPHIC_REVIEW_ONLY_NO_SEMANTIC_MERGE,Pharmaceutical industry,EXTERNAL_ACTOR_PROCESS_CONTEXT,"Industry role, manufacturing, supply transparency and alerting require different external entity/process/evidence semantics.",NONE,NONE,No concept anchor proposed from this label alone.,TOPIC_DISPOSITION_ONLY,LOW_LABEL_CONTEXT_ONLY,NONE,DESIGN_EVIDENCE_NOT_INDEPENDENT,#18 source-context review; no frozen #28 change
DS003-LABEL-126,SRC-DS-003,55440170,Role of regulatory authorities,5,DS003-CODE-021;DS003-CODE-132;DS003-CODE-170;DS003-CODE-222;DS003-CODE-251,Codebook!A22:F22;Codebook!A133:F133;Codebook!A171:F171;Codebook!A223:F223;Codebook!A252:F252,Codes\\India;Codes\\SA;Codes\\Sweden;Codes\\UK;Codes\\US,NO_NATIVE_DEFINITION,,role of regulatory authorities,DS003-LEX-116,ORTHOGRAPHIC_REVIEW_ONLY_NO_SEMANTIC_MERGE,Regulatory authority role,EXTERNAL_ACTOR_OR_ROLE_REVIEW,External regulator identity/role is distinct from Risk Owner and responsibility assignment.,NONE,NONE,No concept anchor proposed from this label alone.,TOPIC_DISPOSITION_ONLY,LOW_LABEL_CONTEXT_ONLY,NONE,DESIGN_EVIDENCE_NOT_INDEPENDENT,#18 source-context review; no frozen #28 change
DS003-LABEL-127,SRC-DS-003,55440170,Shortages a priority in the instituttion,1,DS003-CODE-133,Codebook!A134:F134,Codes\\SA,NO_NATIVE_DEFINITION,,shortages a priority in the institution,DS003-LEX-117,ORTHOGRAPHIC_REVIEW_ONLY_NO_SEMANTIC_MERGE,Institutional priority,GOVERNANCE_CONTEXT,"Priority is an institutional judgment, not a defined risk appetite, tolerance or risk score.",NONE,NONE,No concept anchor proposed from this label alone.,TOPIC_DISPOSITION_ONLY,LOW_LABEL_CONTEXT_ONLY,NONE,DESIGN_EVIDENCE_NOT_INDEPENDENT,#18 source-context review; no frozen #28 change
DS003-LABEL-128,SRC-DS-003,55440170,Sociological factors,3,DS003-CODE-022;DS003-CODE-134;DS003-CODE-223,Codebook!A23:F23;Codebook!A135:F135;Codebook!A224:F224,Codes\\India;Codes\\SA;Codes\\UK,PRESENT_AT_CODEBOOK_C135_ONLY,"In the context of how shortages impact behaviours, the media role, etc.",sociological factors,DS003-LEX-118,ORTHOGRAPHIC_REVIEW_ONLY_NO_SEMANTIC_MERGE,Sociological and patient context,HEALTH_PHARMA_CONTEXT,"Access, demand, effects and relationships are different constructs; patient effects do not automatically establish the deferred Health Harm concept.",NONE,NONE,No concept anchor proposed from this label alone.,TOPIC_DISPOSITION_ONLY,LOW_LABEL_CONTEXT_ONLY,NONE,DESIGN_EVIDENCE_NOT_INDEPENDENT,#18 source-context review; no frozen #28 change
DS003-LABEL-129,SRC-DS-003,55440170,Sociological factors\Access to antibiotics,2,DS003-CODE-023;DS003-CODE-224,Codebook!A24:F24;Codebook!A225:F225,Codes\\India;Codes\\UK,NO_NATIVE_DEFINITION,,sociological factors\access to antibiotics,DS003-LEX-119,ORTHOGRAPHIC_REVIEW_ONLY_NO_SEMANTIC_MERGE,Sociological and patient context,HEALTH_PHARMA_CONTEXT,"Access, demand, effects and relationships are different constructs; patient effects do not automatically establish the deferred Health Harm concept.",NONE,NONE,No concept anchor proposed from this label alone.,TOPIC_DISPOSITION_ONLY,LOW_LABEL_CONTEXT_ONLY,NONE,DESIGN_EVIDENCE_NOT_INDEPENDENT,#18 source-context review; no frozen #28 change
DS003-LABEL-130,SRC-DS-003,55440170,Sociological factors\Access to antibiotics- Public vs pvt,1,DS003-CODE-135,Codebook!A136:F136,Codes\\SA,NO_NATIVE_DEFINITION,,sociological factors\access to antibiotics - public vs pvt,DS003-LEX-120,ORTHOGRAPHIC_REVIEW_ONLY_NO_SEMANTIC_MERGE,Sociological and patient context,HEALTH_PHARMA_CONTEXT,"Access, demand, effects and relationships are different constructs; patient effects do not automatically establish the deferred Health Harm concept.",NONE,NONE,No concept anchor proposed from this label alone.,TOPIC_DISPOSITION_ONLY,LOW_LABEL_CONTEXT_ONLY,NONE,DESIGN_EVIDENCE_NOT_INDEPENDENT,#18 source-context review; no frozen #28 change
DS003-LABEL-131,SRC-DS-003,55440170,Sociological factors\Access to antibiotics\demand from patients,1,DS003-CODE-225,Codebook!A226:F226,Codes\\UK,NO_NATIVE_DEFINITION,,sociological factors\access to antibiotics\demand from patients,DS003-LEX-121,ORTHOGRAPHIC_REVIEW_ONLY_NO_SEMANTIC_MERGE,Sociological and patient context,HEALTH_PHARMA_CONTEXT,"Access, demand, effects and relationships are different constructs; patient effects do not automatically establish the deferred Health Harm concept.",NONE,NONE,No concept anchor proposed from this label alone.,TOPIC_DISPOSITION_ONLY,LOW_LABEL_CONTEXT_ONLY,NONE,DESIGN_EVIDENCE_NOT_INDEPENDENT,#18 source-context review; no frozen #28 change
DS003-LABEL-132,SRC-DS-003,55440170,Sociological factors\Communication around AMR and drug shortages,1,DS003-CODE-136,Codebook!A137:F137,Codes\\SA,NO_NATIVE_DEFINITION,,sociological factors\communication around amr and drug shortages,DS003-LEX-122,ORTHOGRAPHIC_REVIEW_ONLY_NO_SEMANTIC_MERGE,Communication,PROCESS_OR_EVIDENCE_REVIEW,"Communication topic alone does not identify an Evidence Item, Observation Result or pharmacovigilance Signal.",NONE,NONE,No concept anchor proposed from this label alone.,TOPIC_DISPOSITION_ONLY,LOW_LABEL_CONTEXT_ONLY,NONE,DESIGN_EVIDENCE_NOT_INDEPENDENT,#18 source-context review; no frozen #28 change
DS003-LABEL-133,SRC-DS-003,55440170,Sociological factors\Communication around AMR and drug shortages\How is shortages communicated to prescribers,1,DS003-CODE-137,Codebook!A138:F138,Codes\\SA,NO_NATIVE_DEFINITION,,sociological factors\communication around amr and drug shortages\how is shortages communicated to prescribers,DS003-LEX-123,ORTHOGRAPHIC_REVIEW_ONLY_NO_SEMANTIC_MERGE,Communication,PROCESS_OR_EVIDENCE_REVIEW,"Communication topic alone does not identify an Evidence Item, Observation Result or pharmacovigilance Signal.",NONE,NONE,No concept anchor proposed from this label alone.,TOPIC_DISPOSITION_ONLY,LOW_LABEL_CONTEXT_ONLY,NONE,DESIGN_EVIDENCE_NOT_INDEPENDENT,#18 source-context review; no frozen #28 change
DS003-LABEL-134,SRC-DS-003,55440170,Sociological factors\Communication around AMR and drug shortages\How to communicate to patients,1,DS003-CODE-138,Codebook!A139:F139,Codes\\SA,NO_NATIVE_DEFINITION,,sociological factors\communication around amr and drug shortages\how to communicate to patients,DS003-LEX-124,ORTHOGRAPHIC_REVIEW_ONLY_NO_SEMANTIC_MERGE,Communication,PROCESS_OR_EVIDENCE_REVIEW,"Communication topic alone does not identify an Evidence Item, Observation Result or pharmacovigilance Signal.",NONE,NONE,No concept anchor proposed from this label alone.,TOPIC_DISPOSITION_ONLY,LOW_LABEL_CONTEXT_ONLY,NONE,DESIGN_EVIDENCE_NOT_INDEPENDENT,#18 source-context review; no frozen #28 change
DS003-LABEL-135,SRC-DS-003,55440170,Sociological factors\Communication around AMR and shortages\communication to patients,1,DS003-CODE-226,Codebook!A227:F227,Codes\\UK,NO_NATIVE_DEFINITION,,sociological factors\communication around amr and shortages\communication to patients,DS003-LEX-125,ORTHOGRAPHIC_REVIEW_ONLY_NO_SEMANTIC_MERGE,Communication,PROCESS_OR_EVIDENCE_REVIEW,"Communication topic alone does not identify an Evidence Item, Observation Result or pharmacovigilance Signal.",NONE,NONE,No concept anchor proposed from this label alone.,TOPIC_DISPOSITION_ONLY,LOW_LABEL_CONTEXT_ONLY,NONE,DESIGN_EVIDENCE_NOT_INDEPENDENT,#18 source-context review; no frozen #28 change
DS003-LABEL-136,SRC-DS-003,55440170,Sociological factors\Impact of shortages on prescribing patterns,1,DS003-CODE-227,Codebook!A228:F228,Codes\\UK,NO_NATIVE_DEFINITION,,sociological factors\impact of shortages on prescribing patterns,DS003-LEX-126,ORTHOGRAPHIC_REVIEW_ONLY_NO_SEMANTIC_MERGE,Sociological and patient context,HEALTH_PHARMA_CONTEXT,"Access, demand, effects and relationships are different constructs; patient effects do not automatically establish the deferred Health Harm concept.",NONE,NONE,No concept anchor proposed from this label alone.,TOPIC_DISPOSITION_ONLY,LOW_LABEL_CONTEXT_ONLY,NONE,DESIGN_EVIDENCE_NOT_INDEPENDENT,#18 source-context review; no frozen #28 change
DS003-LABEL-137,SRC-DS-003,55440170,Sociological factors\Paitent level impact,1,DS003-CODE-139,Codebook!A140:F140,Codes\\SA,NO_NATIVE_DEFINITION,,sociological factors\patient level impact,DS003-LEX-129,ORTHOGRAPHIC_REVIEW_ONLY_NO_SEMANTIC_MERGE,Sociological and patient context,HEALTH_PHARMA_CONTEXT,"Access, demand, effects and relationships are different constructs; patient effects do not automatically establish the deferred Health Harm concept.",SR-CPT-008,Consequence,"Review a described outcome/effect against Consequence; label alone supplies no magnitude, Impact Assessment Result, or Health Harm adoption.",CONDITIONAL_RELATED_REVIEW,LOW_LABEL_CONTEXT_ONLY,NONE,DESIGN_EVIDENCE_NOT_INDEPENDENT,#18 source-context review; no frozen #28 change
DS003-LABEL-138,SRC-DS-003,55440170,Sociological factors\Patient demand,1,DS003-CODE-024,Codebook!A25:F25,Codes\\India,NO_NATIVE_DEFINITION,,sociological factors\patient demand,DS003-LEX-128,ORTHOGRAPHIC_REVIEW_ONLY_NO_SEMANTIC_MERGE,Sociological and patient context,HEALTH_PHARMA_CONTEXT,"Access, demand, effects and relationships are different constructs; patient effects do not automatically establish the deferred Health Harm concept.",NONE,NONE,No concept anchor proposed from this label alone.,TOPIC_DISPOSITION_ONLY,LOW_LABEL_CONTEXT_ONLY,NONE,DESIGN_EVIDENCE_NOT_INDEPENDENT,#18 source-context review; no frozen #28 change
DS003-LABEL-139,SRC-DS-003,55440170,Sociological factors\Patient level impact,3,DS003-CODE-140;DS003-CODE-171;DS003-CODE-229,Codebook!A141:F141;Codebook!A172:F172;Codebook!A230:F230,Codes\\SA;Codes\\Sweden;Codes\\UK,NO_NATIVE_DEFINITION,,sociological factors\patient level impact,DS003-LEX-129,ORTHOGRAPHIC_REVIEW_ONLY_NO_SEMANTIC_MERGE,Sociological and patient context,HEALTH_PHARMA_CONTEXT,"Access, demand, effects and relationships are different constructs; patient effects do not automatically establish the deferred Health Harm concept.",SR-CPT-008,Consequence,"Review a described outcome/effect against Consequence; label alone supplies no magnitude, Impact Assessment Result, or Health Harm adoption.",CONDITIONAL_RELATED_REVIEW,LOW_LABEL_CONTEXT_ONLY,NONE,DESIGN_EVIDENCE_NOT_INDEPENDENT,#18 source-context review; no frozen #28 change
DS003-LABEL-140,SRC-DS-003,55440170,Sociological factors\Relationship between pharmacies,1,DS003-CODE-141,Codebook!A142:F142,Codes\\SA,NO_NATIVE_DEFINITION,,sociological factors\relationship between pharmacies,DS003-LEX-130,ORTHOGRAPHIC_REVIEW_ONLY_NO_SEMANTIC_MERGE,Sociological and patient context,HEALTH_PHARMA_CONTEXT,"Access, demand, effects and relationships are different constructs; patient effects do not automatically establish the deferred Health Harm concept.",NONE,NONE,No concept anchor proposed from this label alone.,TOPIC_DISPOSITION_ONLY,LOW_LABEL_CONTEXT_ONLY,NONE,DESIGN_EVIDENCE_NOT_INDEPENDENT,#18 source-context review; no frozen #28 change
DS003-LABEL-141,SRC-DS-003,55440170,Sociological factors\influence of social media,1,DS003-CODE-228,Codebook!A229:F229,Codes\\UK,NO_NATIVE_DEFINITION,,sociological factors\influence of social media,DS003-LEX-127,ORTHOGRAPHIC_REVIEW_ONLY_NO_SEMANTIC_MERGE,Sociological and patient context,HEALTH_PHARMA_CONTEXT,"Access, demand, effects and relationships are different constructs; patient effects do not automatically establish the deferred Health Harm concept.",NONE,NONE,No concept anchor proposed from this label alone.,TOPIC_DISPOSITION_ONLY,LOW_LABEL_CONTEXT_ONLY,NONE,DESIGN_EVIDENCE_NOT_INDEPENDENT,#18 source-context review; no frozen #28 change
DS003-LABEL-142,SRC-DS-003,55440170,Solutions to tackling antibiotic shortages,2,DS003-CODE-142;DS003-CODE-230,Codebook!A143:F143;Codebook!A231:F231,Codes\\SA;Codes\\UK,NO_NATIVE_DEFINITION,,solutions to tackling antibiotic shortages,DS003-LEX-131,ORTHOGRAPHIC_REVIEW_ONLY_NO_SEMANTIC_MERGE,Shortage management,ACTIVITY_OR_STRATEGY_REVIEW,"Distinguish performed activity, selected strategy, plan and persistent control using source passages.",NONE,NONE,No concept anchor proposed from this label alone.,TOPIC_DISPOSITION_ONLY,LOW_LABEL_CONTEXT_ONLY,NONE,DESIGN_EVIDENCE_NOT_INDEPENDENT,#18 source-context review; no frozen #28 change
DS003-LABEL-143,SRC-DS-003,55440170,Tools for rational prescribing,1,DS003-CODE-231,Codebook!A232:F232,Codes\\UK,NO_NATIVE_DEFINITION,,tools for rational prescribing,DS003-LEX-132,ORTHOGRAPHIC_REVIEW_ONLY_NO_SEMANTIC_MERGE,Prescribing tools,METHOD_OR_CONTROL_REVIEW,"A tool heading does not establish whether it denotes an artifact, method or implemented persistent control.",NONE,NONE,No concept anchor proposed from this label alone.,TOPIC_DISPOSITION_ONLY,LOW_LABEL_CONTEXT_ONLY,NONE,DESIGN_EVIDENCE_NOT_INDEPENDENT,#18 source-context review; no frozen #28 change
DS003-LABEL-144,SRC-DS-003,55440170,Use of technology in managing shortages,1,DS003-CODE-232,Codebook!A233:F233,Codes\\UK,NO_NATIVE_DEFINITION,,use of technology in managing shortages,DS003-LEX-133,ORTHOGRAPHIC_REVIEW_ONLY_NO_SEMANTIC_MERGE,Data research and technology,EVIDENCE_INFRASTRUCTURE_CONTEXT,A lack of data or a need for research is not an Evidence Item or an Observation Result; distinguish infrastructure from its outputs.,NONE,NONE,No concept anchor proposed from this label alone.,TOPIC_DISPOSITION_ONLY,LOW_LABEL_CONTEXT_ONLY,NONE,DESIGN_EVIDENCE_NOT_INDEPENDENT,#18 source-context review; no frozen #28 change
DS003-LABEL-145,SRC-DS-003,55440170,antibiotic prescribing drive and impacted by shortages,2,DS003-CODE-143;DS003-CODE-172,Codebook!A144:F144;Codebook!A173:F173,Codes\\Sweden;Codes\\UK,NO_NATIVE_DEFINITION,,antibiotic prescribing drive and impacted by shortages,DS003-LEX-001,ORTHOGRAPHIC_REVIEW_ONLY_NO_SEMANTIC_MERGE,Prescribing and diagnostics,PROFILE_CONTEXT,Reported prescribing/diagnostic relationships require transcript context; no causal axiom or clinical recommendation is inferred.,NONE,NONE,No concept anchor proposed from this label alone.,TOPIC_DISPOSITION_ONLY,LOW_LABEL_CONTEXT_ONLY,NONE,DESIGN_EVIDENCE_NOT_INDEPENDENT,#18 source-context review; no frozen #28 change
DS003-LABEL-146,SRC-DS-003,55440170,antibiotic prescribing drive and impacted by shortages\Prior communication regarding upcoming shortages,1,DS003-CODE-144,Codebook!A145:F145,Codes\\Sweden,NO_NATIVE_DEFINITION,,antibiotic prescribing drive and impacted by shortages\prior communication regarding upcoming shortages,DS003-LEX-002,ORTHOGRAPHIC_REVIEW_ONLY_NO_SEMANTIC_MERGE,Prescribing and diagnostics,PROFILE_CONTEXT,Reported prescribing/diagnostic relationships require transcript context; no causal axiom or clinical recommendation is inferred.,NONE,NONE,No concept anchor proposed from this label alone.,TOPIC_DISPOSITION_ONLY,LOW_LABEL_CONTEXT_ONLY,NONE,DESIGN_EVIDENCE_NOT_INDEPENDENT,#18 source-context review; no frozen #28 change
DS003-LABEL-147,SRC-DS-003,55440170,influence of diagnostics on shortages,1,DS003-CODE-205,Codebook!A206:F206,Codes\\UK,NO_NATIVE_DEFINITION,,influence of diagnostics on shortages,DS003-LEX-084,ORTHOGRAPHIC_REVIEW_ONLY_NO_SEMANTIC_MERGE,Prescribing and diagnostics,PROFILE_CONTEXT,Reported prescribing/diagnostic relationships require transcript context; no causal axiom or clinical recommendation is inferred.,NONE,NONE,No concept anchor proposed from this label alone.,TOPIC_DISPOSITION_ONLY,LOW_LABEL_CONTEXT_ONLY,NONE,DESIGN_EVIDENCE_NOT_INDEPENDENT,#18 source-context review; no frozen #28 change
DS003-LABEL-148,SRC-DS-003,55440170,initiatives at government level,2,DS003-CODE-046;DS003-CODE-110,Codebook!A47:F47;Codebook!A111:F111,Codes\\Netherlands;Codes\\SA,NO_NATIVE_DEFINITION,,initiatives at government level,DS003-LEX-085,ORTHOGRAPHIC_REVIEW_ONLY_NO_SEMANTIC_MERGE,Policy and political context,GOVERNANCE_CONTEXT,"Policy/legal/infrastructure topics are not automatically Risk Appetite, Tolerance or Criteria.",NONE,NONE,No concept anchor proposed from this label alone.,TOPIC_DISPOSITION_ONLY,LOW_LABEL_CONTEXT_ONLY,NONE,DESIGN_EVIDENCE_NOT_INDEPENDENT,#18 source-context review; no frozen #28 change
DS003-LABEL-149,SRC-DS-003,55440170,priority for shortages at political or policy level,1,DS003-CODE-214,Codebook!A215:F215,Codes\\UK,NO_NATIVE_DEFINITION,,priority for shortages at political or policy level,DS003-LEX-101,ORTHOGRAPHIC_REVIEW_ONLY_NO_SEMANTIC_MERGE,Policy and political context,GOVERNANCE_CONTEXT,"Policy/legal/infrastructure topics are not automatically Risk Appetite, Tolerance or Criteria.",NONE,NONE,No concept anchor proposed from this label alone.,TOPIC_DISPOSITION_ONLY,LOW_LABEL_CONTEXT_ONLY,NONE,DESIGN_EVIDENCE_NOT_INDEPENDENT,#18 source-context review; no frozen #28 change
DS003-LABEL-150,SRC-DS-003,55440170,priority for shortages at political or policy level\AMSP and guidelines,1,DS003-CODE-215,Codebook!A216:F216,Codes\\UK,NO_NATIVE_DEFINITION,,priority for shortages at political or policy level\amsp and guidelines,DS003-LEX-102,ORTHOGRAPHIC_REVIEW_ONLY_NO_SEMANTIC_MERGE,Policy and political context,GOVERNANCE_CONTEXT,"Policy/legal/infrastructure topics are not automatically Risk Appetite, Tolerance or Criteria.",NONE,NONE,No concept anchor proposed from this label alone.,TOPIC_DISPOSITION_ONLY,LOW_LABEL_CONTEXT_ONLY,NONE,DESIGN_EVIDENCE_NOT_INDEPENDENT,#18 source-context review; no frozen #28 change
DS003-LABEL-151,SRC-DS-003,55440170,priority for shortages at political or policy level\Govt advisory committee,1,DS003-CODE-216,Codebook!A217:F217,Codes\\UK,NO_NATIVE_DEFINITION,,priority for shortages at political or policy level\govt advisory committee,DS003-LEX-103,ORTHOGRAPHIC_REVIEW_ONLY_NO_SEMANTIC_MERGE,Policy and political context,GOVERNANCE_CONTEXT,"Policy/legal/infrastructure topics are not automatically Risk Appetite, Tolerance or Criteria.",NONE,NONE,No concept anchor proposed from this label alone.,TOPIC_DISPOSITION_ONLY,LOW_LABEL_CONTEXT_ONLY,NONE,DESIGN_EVIDENCE_NOT_INDEPENDENT,#18 source-context review; no frozen #28 change
DS003-LABEL-152,SRC-DS-003,55440170,role of regulatory authorities,1,DS003-CODE-052,Codebook!A53:F53,Codes\\Netherlands,NO_NATIVE_DEFINITION,,role of regulatory authorities,DS003-LEX-116,ORTHOGRAPHIC_REVIEW_ONLY_NO_SEMANTIC_MERGE,Regulatory authority role,EXTERNAL_ACTOR_OR_ROLE_REVIEW,External regulator identity/role is distinct from Risk Owner and responsibility assignment.,NONE,NONE,No concept anchor proposed from this label alone.,TOPIC_DISPOSITION_ONLY,LOW_LABEL_CONTEXT_ONLY,NONE,DESIGN_EVIDENCE_NOT_INDEPENDENT,#18 source-context review; no frozen #28 change
